date,m1,m3,p,rs,rff,rl,y,u
1960-01-01,143.3,298.2,12.39151622,4.35,3.99,4.72,24.8958,5.2
1960-02-01,139.8,298.5,12.40839265,3.96,3.97,4.49,24.6743,4.8
1960-03-01,138.5,299.4,12.40839265,3.31,3.84,4.25,24.4528,5.4
1960-04-01,139.7,300.1,12.46324103,3.23,3.92,4.28,24.2589,5.2
1960-05-01,137.6,300.9,12.47589835,3.29,3.85,4.35,24.2312,5.1
1960-06-01,137.9,302.3,12.49277478,2.46,3.32,4.15,23.9266,5.4
1960-07-01,138.9,304.1,12.46746014,2.3,3.23,3.9,23.8435,5.5
1960-08-01,139.4,306.9,12.49277478,2.3,2.98,3.8,23.8158,5.6
1960-09-01,140.5,308.4,12.49277478,2.48,2.6,3.8,23.5666,5.5
1960-10-01,141.2,309.5,12.55184227,2.3,2.47,3.89,23.5389,6.1
1960-11-01,142.3,310.9,12.56449959,2.37,2.44,3.93,23.2066,6.1
1960-12-01,144.5,312.4,12.57715691,2.25,1.98,3.84,22.7635,6.6
1961-01-01,144.5,314.1,12.58981423,2.24,1.45,3.84,22.7912,6.6
1961-02-01,141.6,316.5,12.58981423,2.42,2.54,3.78,22.7635,6.9
1961-03-01,140.6,318.3,12.58981423,2.39,2.02,3.74,22.902,6.9
1961-04-01,142.4,319.9,12.57715691,2.29,1.49,3.78,23.3727,7
1961-05-01,140.6,322.2,12.58981423,2.29,1.98,3.71,23.7327,7.1
1961-06-01,141.2,324.3,12.58981423,2.33,1.73,3.88,24.065,6.9
1961-07-01,141.5,325.6,12.62356709,2.24,1.17,3.92,24.342,7
1961-08-01,141.4,327.6,12.6320053,2.39,2,4.04,24.5635,6.6
1961-09-01,143.1,329.5,12.64888173,2.28,1.88,3.98,24.5358,6.7
1961-10-01,144.4,331.1,12.64888173,2.3,2.26,3.92,25.0066,6.5
1961-11-01,146.3,333.4,12.64888173,2.48,2.61,3.94,25.3943,6.1
1961-12-01,149.2,335.5,12.66153905,2.6,2.33,4.06,25.6158,6
1962-01-01,148.9,337.5,12.67419637,2.72,2.15,4.08,25.3943,5.8
1962-02-01,145.6,340.1,12.70373011,2.73,2.37,4.04,25.8097,5.5
1962-03-01,144.6,343.1,12.72904475,2.72,2.85,3.93,25.9482,5.6
1962-04-01,146.7,345.5,12.74592118,2.73,2.78,3.84,26.0035,5.6
1962-05-01,144.5,347.5,12.7585785,2.69,2.36,3.87,25.9758,5.5
1962-06-01,144.8,349.3,12.74592118,2.73,2.68,3.91,25.9205,5.5
1962-07-01,145,350.8,12.75014029,2.92,2.71,4.01,26.1697,5.4
1962-08-01,144.4,352.8,12.77545493,2.82,2.93,3.98,26.1974,5.7
1962-09-01,145.5,354.9,12.83452242,2.78,2.9,3.98,26.3635,5.6
1962-10-01,147,357.2,12.81764599,2.74,2.9,3.93,26.3912,5.4
1962-11-01,148.8,359.8,12.81764599,2.83,2.94,3.92,26.502,5.7
1962-12-01,151.9,362.7,12.81764599,2.87,2.93,3.86,26.502,5.5
1963-01-01,152.1,365.2,12.84296063,2.91,2.92,3.83,26.6958,5.7
1963-02-01,148.7,367.9,12.85983706,2.92,3,3.92,27.0005,5.9
1963-03-01,147.8,370.7,12.87249438,2.89,2.98,3.93,27.1666,5.7
1963-04-01,150,373.3,12.85983706,2.9,2.9,3.97,27.4159,5.7
1963-05-01,147.9,376.1,12.87249438,2.93,3,3.93,27.7482,5.9
1963-06-01,148.7,378.4,12.91468544,2.99,2.99,3.99,27.8313,5.6
1963-07-01,149.9,381.1,12.9484383,3.18,3.02,4.02,27.7205,5.6
1963-08-01,149.5,383.6,12.97375294,3.32,3.49,4,27.7759,5.4
1963-09-01,151,386,12.96109562,3.38,3.48,4.08,28.0528,5.5
1963-10-01,152.8,388.3,12.97375294,3.45,3.5,4.11,28.2466,5.5
1963-11-01,155.2,391.5,12.98641026,3.52,3.48,4.12,28.3851,5.7
1963-12-01,157.5,393.2,13.02860132,3.52,3.38,4.13,28.3297,5.5
1964-01-01,157.9,395.2,13.05391596,3.52,3.48,4.17,28.579,5.6
1964-02-01,153.9,397.6,13.04125864,3.53,3.48,4.15,28.7728,5.4
1964-03-01,153.1,399.8,13.05391596,3.54,3.43,4.22,28.7728,5.4
1964-04-01,155.2,401.7,13.05813507,3.47,3.47,4.23,29.2436,5.3
1964-05-01,152.7,404.2,13.07079239,3.48,3.5,4.2,29.4098,5.1
1964-06-01,153.9,407.1,13.08344971,3.48,3.5,4.17,29.4928,5.2
1964-07-01,155.5,410.1,13.08766882,3.46,3.42,4.19,29.6867,4.9
1964-08-01,155.5,413.4,13.10032614,3.5,3.5,4.19,29.8805,5
1964-09-01,157.8,416.9,13.11298346,3.53,3.45,4.2,29.9913,5.1
1964-10-01,159.7,419.1,13.12985988,3.57,3.36,4.19,29.5759,5.1
1964-11-01,161.6,422,13.16783184,3.64,3.52,4.15,30.4898,4.8
1964-12-01,164.9,424.7,13.18470827,3.84,3.85,4.18,30.8498,5
1965-01-01,165.3,427.5,13.19736559,3.81,3.9,4.19,31.1821,4.9
1965-02-01,160.3,430.4,13.19736559,3.93,3.98,4.21,31.376,5.1
1965-03-01,159.9,433.2,13.21002291,3.93,4.04,4.21,31.7913,4.7
1965-04-01,162.6,435.4,13.23955666,3.93,4.09,4.2,31.9298,4.8
1965-05-01,158.7,437.1,13.28174772,3.89,4.1,4.21,32.179,4.6
1965-06-01,160.5,440.1,13.33659611,3.8,4.04,4.21,32.4283,4.6
1965-07-01,161.8,442.9,13.32393879,3.84,4.09,4.2,32.7329,4.4
1965-08-01,161.2,445.8,13.31128147,3.84,4.12,4.25,32.8713,4.4
1965-09-01,163.9,449.5,13.34081522,3.92,4.01,4.29,32.9544,4.3
1965-10-01,166.5,452.6,13.35347254,4.03,4.08,4.35,33.2868,4.2
1965-11-01,168.2,455.7,13.3956636,4.09,4.1,4.45,33.4252,4.1
1965-12-01,172.6,459.2,13.43785467,4.38,4.32,4.62,33.8406,4
1966-01-01,173.8,462,13.45051199,4.59,4.42,4.61,34.1729,4
1966-02-01,168.6,464.6,13.53489412,4.65,4.6,4.83,34.3945,3.8
1966-03-01,168.7,467.2,13.57708519,4.59,4.65,4.87,34.8652,3.8
1966-04-01,172.4,469.3,13.61927625,4.62,4.67,4.75,34.9206,3.8
1966-05-01,168,470.1,13.64881,4.64,4.9,4.78,35.2529,3.9
1966-06-01,170,471.2,13.66146732,4.5,5.17,4.81,35.4191,3.8
1966-07-01,169.2,470.9,13.69100107,4.8,5.3,5.02,35.6129,3.8
1966-08-01,168.3,472.6,13.7753832,4.96,5.53,5.22,35.6406,3.8
1966-09-01,171.1,475.4,13.81757427,5.37,5.4,5.18,35.9729,3.7
1966-10-01,171.6,475.7,13.85976533,5.35,5.53,5.01,36.2221,3.7
1966-11-01,172.9,477.3,13.87242265,5.32,5.76,5.16,35.9729,3.6
1966-12-01,176.9,480.2,13.88929908,4.96,5.4,4.84,36.056,3.8
1967-01-01,176.6,481.6,13.88086087,4.72,4.94,4.58,36.2261,3.9
1967-02-01,171.6,485.1,13.92305193,4.56,5,4.63,35.8152,3.8
1967-03-01,172.9,489.7,13.92305193,4.26,4.53,4.54,35.6133,3.8
1967-04-01,174.7,492.1,13.965243,3.84,4.05,4.59,35.9492,3.8
1967-05-01,172.3,497.2,13.965243,3.6,3.94,4.85,35.6356,3.8
1967-06-01,175.6,502,14.04962513,3.54,3.98,5.02,35.6311,3.9
1967-07-01,177.2,506.3,14.0918162,4.21,3.79,5.16,35.55,3.8
1967-08-01,177.2,510.8,14.13400727,4.27,3.9,5.28,36.2311,3.8
1967-09-01,179.8,514.7,14.17619833,4.42,3.99,5.3,36.1723,3.8
1967-10-01,181.9,518.2,14.2183894,4.56,3.88,5.48,36.4669,4
1967-11-01,183.8,521.2,14.30277153,4.73,4.13,5.75,36.9884,3.9
1967-12-01,188.4,524.8,14.3449626,4.97,4.51,5.7,37.3868,3.8
1968-01-01,189.2,527.4,14.38715366,5,4.6,5.53,37.3465,3.7
1968-02-01,183,530.4,14.42934473,4.98,4.71,5.56,37.4804,3.8
1968-03-01,183.5,533.2,14.4715358,5.17,5.05,5.74,37.5974,3.7
1968-04-01,187.3,535.7,14.51372686,5.38,5.76,5.64,37.6518,3.5
1968-05-01,184.6,538.9,14.55591793,5.66,6.11,5.87,38.0741,3.5
1968-06-01,188.2,542.6,14.64030006,5.52,6.07,5.72,38.214,3.7
1968-07-01,189.8,545.6,14.7246822,5.31,6.02,5.5,38.1554,3.7
1968-08-01,189.5,549.4,14.76687326,5.09,6.03,5.42,38.2619,3.5
1968-09-01,191.9,553.6,14.80906433,5.19,5.78,5.46,38.4068,3.4
1968-10-01,194.2,557.6,14.89344646,5.35,5.91,5.58,38.483,3.4
1968-11-01,197.6,562.4,14.93563753,5.45,5.82,5.7,38.9808,3.4
1968-12-01,202.8,566.8,15.02001966,5.96,6.02,6.03,39.1039,3.4
1969-01-01,203.8,569.3,15.06221073,6.14,6.3,6.04,39.3405,3.4
1969-02-01,197.3,571.9,15.10440179,6.12,6.61,6.19,39.5922,3.4
1969-03-01,197.8,574.4,15.23097499,6.02,6.79,6.3,39.9027,3.4
1969-04-01,201.5,575.7,15.31535713,6.11,7.41,6.17,39.7559,3.4
1969-05-01,197.4,576.5,15.35754819,6.04,8.67,6.32,39.6056,3.4
1969-06-01,200.2,578.5,15.44193033,6.44,8.9,6.57,39.9925,3.5
1969-07-01,201.2,579.5,15.52631246,7,8.61,6.72,40.2037,3.5
1969-08-01,199.5,580.1,15.56850353,6.98,9.19,6.69,40.2961,3.5
1969-09-01,201.2,582.1,15.65288566,7.09,9.15,7.16,40.287,3.7
1969-10-01,202.9,583.4,15.73726779,7,9,7.1,40.2988,3.7
1969-11-01,205,585.4,15.82164992,7.24,8.85,7.14,39.9189,3.5
1969-12-01,209.3,587.9,15.90603206,7.82,8.97,7.65,39.8118,3.5
1970-01-01,210.8,589.6,15.99041419,7.87,8.98,7.79,39.0746,3.9
1970-02-01,202,586.3,16.07479632,7.13,8.98,7.24,39.0488,4.2
1970-03-01,203.5,587.3,16.15917846,6.63,7.76,7.07,38.9981,4.4
1970-04-01,208.1,588.4,16.24356059,6.51,8.1,7.39,38.8979,4.6
1970-05-01,204.3,591.5,16.28575165,6.84,7.94,7.91,38.8525,4.8
1970-06-01,206.9,595.2,16.37013379,6.68,7.6,7.84,38.7269,4.9
1970-07-01,208.1,599.1,16.41232485,6.45,7.21,7.46,38.8219,5
1970-08-01,208,604.9,16.45451592,6.41,6.61,7.53,38.7527,5.1
1970-09-01,210.8,611.2,16.53889805,6.12,6.29,7.39,38.4856,5.4
1970-10-01,212.3,616.4,16.62328019,5.91,6.2,7.33,37.7157,5.5
1970-11-01,214.5,621.1,16.70766232,5.28,5.6,6.84,37.4873,5.9
1970-12-01,220.1,626.5,16.79204445,4.87,4.9,6.39,38.3482,6.1
1971-01-01,220.4,632.9,16.83423552,4.44,4.14,6.24,38.6432,5.9
1971-02-01,214.3,641,16.83423552,3.7,3.72,6.11,38.5695,5.9
1971-03-01,216.4,649.9,16.87642659,3.38,3.71,5.7,38.5278,6
1971-04-01,221.4,658.4,16.91861765,3.86,4.15,5.83,38.7441,5.9
1971-05-01,218.8,666.7,17.00299978,4.14,4.63,6.39,38.9407,5.9
1971-06-01,222.9,673,17.08738192,4.75,4.91,6.52,39.104,5.9
1971-07-01,225.1,679.6,17.12957298,5.4,5.31,6.73,38.9905,6
1971-08-01,223.6,685.5,17.17176405,4.94,5.56,6.58,38.7642,6.1
1971-09-01,225.4,692.5,17.21395512,4.69,5.55,6.14,39.3942,6
1971-10-01,226.6,698.4,17.25614618,4.46,5.2,5.93,39.6891,5.8
1971-11-01,228.8,704.6,17.29833725,4.22,4.91,5.81,39.8576,6
1971-12-01,234.5,710.3,17.34052832,4.01,4.14,5.93,40.3177,6
1972-01-01,235,717.7,17.38271938,3.38,3.5,5.95,41.2876,5.8
1972-02-01,228.9,725.7,17.46710152,3.2,3.29,6.08,41.6865,5.7
1972-03-01,231.7,733.5,17.46710152,3.73,3.83,6.07,41.9746,5.8
1972-04-01,236.9,738.4,17.50929258,3.71,4.17,6.19,42.4183,5.7
1972-05-01,232.2,743.3,17.55148365,3.69,4.27,6.13,42.3963,5.7
1972-06-01,236.1,749.7,17.59367472,3.91,4.46,6.11,42.5166,5.7
1972-07-01,239.1,759.5,17.63586578,3.98,4.55,6.11,42.498,5.6
1972-08-01,238.7,768.7,17.67805685,4.02,4.8,6.21,43.0629,5.6
1972-09-01,241.9,778.3,17.76243898,4.66,4.87,6.55,43.3918,5.5
1972-10-01,244.2,786.9,17.80463005,4.74,5.04,6.48,43.9718,5.6
1972-11-01,247.7,793.9,17.88901218,4.78,5.06,6.28,44.4919,5.3
1972-12-01,256.1,802.3,17.93120325,5.07,5.33,6.36,45.0015,5.2
1973-01-01,256.4,810.3,18.01558538,5.41,5.94,6.46,45.2942,4.9
1973-02-01,248.4,814.1,18.14215858,5.6,6.58,6.64,45.9656,5
1973-03-01,248.8,815.3,18.31092285,6.09,7.09,6.71,45.9872,4.9
1973-04-01,254,819.7,18.43749604,6.26,7.12,6.67,45.9237,5
1973-05-01,250.8,826.8,18.52187818,6.36,7.84,6.85,46.2192,4.9
1973-06-01,256.4,833.3,18.64845138,7.19,8.49,6.9,46.2509,4.9
1973-07-01,258.1,836.5,18.64845138,8.01,10.4,7.13,46.4421,4.8
1973-08-01,255.6,838.8,18.98597991,8.67,10.5,7.4,46.3648,4.8
1973-09-01,256.5,839.3,19.07036204,8.29,10.78,7.09,46.7803,4.8
1973-10-01,258.3,842.6,19.23912631,7.22,10.01,6.79,47.0954,4.6
1973-11-01,262.7,848.9,19.36569951,7.83,10.03,6.73,47.3445,4.8
1973-12-01,270.2,855.5,19.53446377,7.45,9.95,6.74,47.2315,4.9
1974-01-01,268.6,859.7,19.7454191,7.77,9.65,6.99,46.8994,5.1
1974-02-01,261.1,864.2,19.95637444,7.12,8.97,6.96,46.7538,5.2
1974-03-01,263.5,870.1,20.16732977,7.96,9.35,7.21,46.7685,5.1
1974-04-01,268.5,872.9,20.29390297,8.33,10.51,7.51,46.6069,5.1
1974-05-01,263.3,874.6,20.5048583,8.23,11.31,7.58,46.9743,5.1
1974-06-01,268.3,877.8,20.67362257,7.9,11.93,7.54,46.9233,5.4
1974-07-01,270.1,881.4,20.80019577,7.55,12.92,7.81,46.9464,5.5
1974-08-01,268.1,884.1,21.05334217,8.96,12.01,8.04,46.4907,5.5
1974-09-01,269.7,887.9,21.34867963,8.06,11.34,8.04,46.5136,5.9
1974-10-01,271.7,893.3,21.5174439,7.46,10.06,7.9,46.3401,6
1974-11-01,275.7,898.6,21.72839923,7.47,9.45,7.68,44.8209,6.6
1974-12-01,281.8,902.1,21.89716349,7.15,8.53,7.43,43.234,7.2
1975-01-01,278.5,906.3,22.06592776,6.26,7.13,7.5,42.6409,8.1
1975-02-01,269.9,914.1,22.19250096,5.5,6.24,7.39,41.6602,8.1
1975-03-01,272.9,925,22.27688309,5.49,5.54,7.73,41.2135,8.6
1975-04-01,277.7,935.1,22.36126523,5.61,5.49,8.23,41.246,8.8
1975-05-01,274.4,947.9,22.40345629,5.23,5.22,8.06,41.1515,9
1975-06-01,282.3,963,22.57222056,5.34,5.55,7.86,41.4224,8.8
1975-07-01,284.4,975.1,22.78317589,6.13,6.1,8.06,41.8234,8.6
1975-08-01,282.7,983.1,22.86755802,6.44,6.14,8.4,42.2573,8.4
1975-09-01,284.3,991.5,23.03632229,6.42,6.24,8.43,42.7796,8.4
1975-10-01,284.9,997.8,23.16289549,5.96,5.82,8.14,42.9687,8.4
1975-11-01,289.9,1006.9,23.33165975,5.48,5.22,8.05,43.0614,8.3
1975-12-01,295.3,1016.2,23.45823295,5.44,5.2,8,43.5973,8.2
1976-01-01,293.2,1026.6,23.54261509,4.87,4.87,7.74,44.2288,7.9
1976-02-01,285.3,1040.3,23.58480615,4.88,4.77,7.79,44.6725,7.7
1976-03-01,287.7,1050,23.62699722,5,4.84,7.73,44.7125,7.6
1976-04-01,296.1,1060.8,23.66918829,4.86,4.82,7.56,44.9643,7.7
1976-05-01,291.3,1072.1,23.79576149,5.2,5.29,7.9,45.1741,7.4
1976-06-01,295.6,1077.6,23.92233468,5.41,5.48,7.86,45.183,7.6
1976-07-01,298.4,1086.3,24.04890788,5.23,5.31,7.83,45.4535,7.8
1976-08-01,297.1,1098.7,24.17548108,5.14,5.29,7.77,45.7737,7.8
1976-09-01,298.6,1110.8,24.30205428,5.08,5.25,7.59,45.9031,7.6
1976-10-01,302.9,1125,24.42862748,4.92,5.02,7.41,45.9207,7.7
1976-11-01,305.7,1138.2,24.51300962,4.75,4.95,7.29,46.5978,7.8
1976-12-01,314.5,1152,24.63958281,4.35,4.65,6.87,47.0854,7.8
1977-01-01,313.6,1165.2,24.76615601,4.62,4.61,7.21,46.8276,7.5
1977-02-01,304.9,1177.6,25.01930241,4.67,4.68,7.39,47.5417,7.6
1977-03-01,308.2,1188.5,25.14587561,4.6,4.69,7.46,48.131,7.4
1977-04-01,318.6,1199.6,25.31463988,4.54,4.73,7.37,48.5838,7.2
1977-05-01,311.6,1209,25.39902201,4.96,5.35,7.46,48.9891,7
1977-06-01,317.7,1217.8,25.52559521,5.02,5.39,7.28,49.3428,7.2
1977-07-01,322.2,1226.7,25.65216841,5.19,5.42,7.33,49.412,6.9
1977-08-01,320.2,1237,25.77874161,5.49,5.9,7.4,49.4259,7
1977-09-01,323.7,1246.2,25.86312374,5.81,6.14,7.34,49.6639,6.8
1977-10-01,327.9,1254,25.98969694,6.16,6.47,7.52,49.7592,6.8
1977-11-01,331.4,1262.4,26.15846121,6.1,6.51,7.58,49.8117,6.8
1977-12-01,340,1270.3,26.28503441,6.07,6.56,7.69,49.8949,6.4
1978-01-01,339.3,1279.7,26.45379867,6.44,6.7,7.96,49.2066,6.4
1978-02-01,327.9,1285.5,26.58037187,6.45,6.78,8.03,49.4502,6.3
1978-03-01,330.8,1292.2,26.74913614,6.29,6.79,8.04,50.3928,6.3
1978-04-01,343.4,1300.4,26.96009147,6.29,6.89,8.15,51.4368,6.1
1978-05-01,338.2,1310.5,27.21323787,6.41,7.36,8.35,51.6276,6
1978-06-01,345.2,1318.5,27.4241932,6.73,7.6,8.46,51.9833,5.9
1978-07-01,349.5,1324.1,27.63514853,7.01,7.81,8.64,51.9592,6.2
1978-08-01,347.5,1333.5,27.8039128,7.08,8.04,8.41,52.1543,5.9
1978-09-01,352.7,1345,28.0570592,7.85,8.45,8.42,52.286,6
1978-10-01,354.9,1352.3,28.3102056,7.99,8.96,8.64,52.7054,5.8
1978-11-01,358.5,1359.1,28.47896986,8.64,9.76,8.81,53.1047,5.9
1978-12-01,367.9,1366,28.64773413,9.08,10.03,9.01,53.3886,6
1979-01-01,363.3,1371.6,28.90088053,9.35,10.07,9.1,53.0453,5.9
1979-02-01,351.7,1377.8,29.19621799,9.32,10.06,9.1,53.3303,5.9
1979-03-01,356.1,1387.8,29.49155546,9.48,10.09,9.12,53.4973,5.8
1979-04-01,371.3,1402.1,29.78689292,9.46,10.01,9.18,52.8938,5.8
1979-05-01,362.2,1410.2,30.12442146,9.61,10.24,9.25,53.3187,5.6
1979-06-01,371.9,1423,30.46194999,9.06,10.29,8.91,53.3157,5.7
1979-07-01,378.4,1434.8,30.79947852,9.24,10.47,8.95,53.2433,5.7
1979-08-01,376.9,1446.6,31.09481598,9.52,10.94,9.03,52.8899,6
1979-09-01,380.5,1454.1,31.39015345,10.26,11.43,9.33,52.9486,5.9
1979-10-01,382.6,1460.4,31.72768198,11.7,13.77,10.3,53.239,6
1979-11-01,384.4,1465.9,32.06521051,11.79,13.18,10.65,53.1918,5.9
1979-12-01,393.2,1473.7,32.44493011,12.04,13.78,10.39,53.2603,6
1980-01-01,390.4,1482.7,32.90903184,12,13.82,10.8,53.5037,6.3
1980-02-01,380.8,1494.6,33.33094251,12.86,14.13,12.41,53.5053,6.3
1980-03-01,382.2,1499.8,33.79504424,15.2,17.19,12.75,53.3294,6.3
1980-04-01,386.7,1502.2,34.13257277,13.2,17.61,11.47,52.2336,6.9
1980-05-01,377.8,1512.3,34.4701013,8.58,10.98,10.18,50.9638,7.5
1980-06-01,387.3,1529.2,34.80762983,7.07,9.47,9.78,50.3348,7.6
1980-07-01,394.6,1545.5,34.8498209,8.06,9.03,10.25,49.9462,7.8
1980-08-01,398.3,1561.5,35.1029673,9.13,9.61,11.1,50.1256,7.7
1980-09-01,404.7,1574,35.39830476,10.27,10.87,11.51,50.9386,7.5
1980-10-01,410.7,1584.8,35.73583329,11.62,12.81,11.75,51.5813,7.5
1980-11-01,415.8,1595.8,36.11555289,13.73,15.85,12.68,52.4717,7.5
1980-12-01,419.5,1599.8,36.45308142,15.49,18.9,12.84,52.7685,7.2
1981-01-01,416.4,1606.9,36.79060996,15.02,19.08,12.57,52.4668,7.5
1981-02-01,405.5,1618.7,37.12813849,14.79,15.93,13.19,52.226,7.4
1981-03-01,412.2,1636.6,37.38128489,13.36,14.7,13.12,52.5025,7.4
1981-04-01,431,1659.2,37.59224022,13.69,15.72,13.68,52.2691,7.2
1981-05-01,418.5,1664.2,37.84538662,16.3,18.52,14.1,52.5803,7.5
1981-06-01,422.8,1670.3,38.18291515,14.73,19.1,13.47,52.8284,7.5
1981-07-01,427.7,1681.9,38.60482581,14.95,19.04,14.28,53.1751,7.2
1981-08-01,425.9,1694.3,38.90016328,15.51,17.82,14.94,53.1679,7.4
1981-09-01,427,1706,39.27988288,14.7,15.87,15.32,52.8514,7.6
1981-10-01,429.7,1721.8,39.40645608,13.54,15.08,15.15,52.4949,7.9
1981-11-01,435.1,1736.1,39.57522034,10.86,13.31,13.39,51.894,8.3
1981-12-01,447,1755.5,39.70179354,10.85,12.37,13.72,51.3274,8.5
1982-01-01,448.4,1770.4,39.82836674,12.28,13.22,14.59,50.3043,8.6
1982-02-01,432.4,1774.5,39.95493994,13.48,14.78,14.43,51.3016,8.9
1982-03-01,435.6,1786.5,39.95493994,12.68,14.68,13.86,50.9104,9
1982-04-01,451.1,1803.9,40.08151314,12.7,14.94,13.87,50.4627,9.3
1982-05-01,440.9,1815.4,40.46123274,12.09,14.45,13.62,50.138,9.4
1982-06-01,446.2,1826,40.92533447,12.47,14.15,14.3,49.9692,9.6
1982-07-01,449.5,1831.5,41.1362898,11.35,12.59,13.95,49.8138,9.8
1982-08-01,449.8,1845.2,41.22067193,8.68,10.12,13.06,49.3773,9.8
1982-09-01,456.2,1858.4,41.22067193,7.92,10.31,12.34,49.226,10.1
1982-10-01,465.7,1869.7,41.3894362,7.71,9.71,10.91,48.7874,10.4
1982-11-01,474.4,1883.7,41.34724513,8.07,9.2,10.55,48.592,10.8
1982-12-01,485.8,1905.9,41.22067193,7.94,8.95,10.54,48.2424,10.8
1983-01-01,482.8,1959.4,41.30505407,7.86,8.68,10.46,49.1762,10.4
1983-02-01,474.2,1996.8,41.34724513,8.11,8.51,10.72,48.8688,10.4
1983-03-01,482.7,2015.2,41.3894362,8.35,8.77,10.51,49.2654,10.3
1983-04-01,498.6,2028.6,41.68477367,8.21,8.8,10.4,49.8675,10.2
1983-05-01,493.9,2043.1,41.85353793,8.19,8.63,10.38,50.2084,10.1
1983-06-01,503.5,2053.5,41.93792006,8.79,8.98,10.85,50.5089,10.1
1983-07-01,510.5,2064.8,42.10668433,9.08,9.37,11.38,51.2733,9.4
1983-08-01,508.2,2074,42.23325753,9.34,9.56,11.85,51.8454,9.5
1983-09-01,511.4,2083.2,42.35983073,9,9.45,11.65,52.6303,9.2
1983-10-01,517.2,2099.3,42.528595,8.64,9.48,11.54,53.0679,8.8
1983-11-01,521.8,2112.3,42.65516819,8.76,9.34,11.69,53.2534,8.5
1983-12-01,533.3,2123.5,42.78174139,9,9.47,11.83,53.5343,8.3
1984-01-01,530.2,2138.2,43.07707886,8.9,9.56,11.67,54.6008,8
1984-02-01,516.9,2158.2,43.28803419,9.09,9.59,11.84,54.835,7.8
1984-03-01,523.2,2175.2,43.41460739,9.52,9.91,12.32,55.1052,7.8
1984-04-01,539.9,2191.7,43.58337166,9.69,10.29,12.63,55.4514,7.7
1984-05-01,530.7,2204.1,43.66775379,9.83,10.32,13.41,55.7141,7.4
1984-06-01,541.4,2215.1,43.75213592,9.87,11.06,13.56,55.9085,7.2
1984-07-01,543.3,2223.5,43.92090019,10.12,11.23,13.36,56.0842,7.5
1984-08-01,539,2230.4,44.04747339,10.47,11.64,12.72,56.1376,7.5
1984-09-01,542.5,2244.4,44.17404659,10.37,11.3,12.52,56.0382,7.3
1984-10-01,542.2,2258.9,44.34281085,9.74,9.99,12.16,55.9459,7.4
1984-11-01,549.8,2281.4,44.42719299,8.61,9.43,11.57,56.1667,7.2
1984-12-01,564.6,2306.4,44.51157512,8.06,8.38,11.5,56.2296,7.3
1985-01-01,561.1,2332.4,44.59595725,7.76,8.35,11.38,56.1398,7.3
1985-02-01,551.9,2354.1,44.84910365,8.27,8.5,11.51,56.3323,7.2
1985-03-01,558.4,2366.2,45.06005898,8.52,8.58,11.86,56.4232,7.2
1985-04-01,575.1,2375.4,45.14444112,7.95,8.27,11.43,56.2693,7.3
1985-05-01,569.3,2389.5,45.22882325,7.48,7.97,10.85,56.3488,7.2
1985-06-01,585.2,2412.6,45.35539645,6.95,7.53,10.16,56.3901,7.4
1985-07-01,592,2429.5,45.43977858,7.08,7.88,10.31,56.0234,7.4
1985-08-01,594.9,2444,45.52416071,7.14,7.9,10.33,56.2555,7.1
1985-09-01,602,2456.4,45.60854285,7.1,7.92,10.37,56.4983,7.1
1985-10-01,605.3,2468,45.77730711,7.16,7.99,10.24,56.2648,7.1
1985-11-01,614.9,2477.8,45.98826245,7.24,8.05,9.78,56.4549,7
1985-12-01,633.3,2492.1,46.19921778,7.1,8.27,9.26,57.0458,7
1986-01-01,626.6,2502.1,46.36798204,7.07,8.14,9.19,57.3104,6.7
1986-02-01,612.8,2512.9,46.28359991,7.06,7.86,8.7,56.9344,7.2
1986-03-01,624.3,2533.1,46.03045351,6.56,7.48,7.78,56.542,7.2
1986-04-01,647,2557.8,45.86168925,6.06,6.99,7.3,56.5599,7.1
1986-05-01,645.7,2584.8,45.98826245,6.15,6.85,7.71,56.6823,7.2
1986-06-01,662.8,2605,46.15702671,6.21,6.92,7.8,56.4976,7.2
1986-07-01,673.4,2626.6,46.19921778,5.83,6.56,7.3,56.814,7
1986-08-01,678.4,2646.5,46.24140884,5.53,6.17,7.17,56.7381,6.9
1986-09-01,684.5,2667.8,46.41017311,5.21,5.89,7.45,56.8532,7
1986-10-01,692.2,2687.4,46.49455524,5.18,5.85,7.43,57.1191,7
1986-11-01,708.8,2701.3,46.57893738,5.35,6.04,7.25,57.3792,6.9
1986-12-01,739.8,2728,46.74770164,5.53,6.91,7.11,57.8623,6.6
1987-01-01,737.1,2743.9,47.00084804,5.43,6.43,7.08,57.685,6.6
1987-02-01,717.1,2747.5,47.16961231,5.59,6.1,7.25,58.4399,6.6
1987-03-01,723.1,2753.7,47.33837657,5.59,6.13,7.25,58.516,6.6
1987-04-01,752,2767.7,47.5493319,5.64,6.37,8.02,58.8851,6.3
1987-05-01,739.3,2772.9,47.6759051,5.66,6.85,8.61,59.2653,6.3
1987-06-01,743.8,2774.6,47.88686044,5.67,6.73,8.4,59.5409,6.2
1987-07-01,746.2,2779,48.01343364,5.69,6.58,8.45,59.9536,6.1
1987-08-01,744.2,2788.2,48.22438897,6.04,6.73,8.76,60.4517,6
1987-09-01,744.5,2799.5,48.39315323,6.4,7.22,9.42,60.6069,5.9
1987-10-01,753.2,2814.8,48.51972643,6.13,7.29,9.52,61.491,6
1987-11-01,755.5,2818.9,48.6884907,5.69,6.69,8.86,61.8137,5.8
1987-12-01,765.4,2826.4,48.77287283,5.77,6.77,8.99,62.119,5.7
1988-01-01,764.2,2847.4,48.9416371,5.81,6.83,8.67,62.1469,5.7
1988-02-01,744.5,2870.4,49.02601923,5.66,6.58,8.21,62.4169,5.7
1988-03-01,751.6,2890.7,49.15259243,5.7,6.58,8.37,62.5418,5.7
1988-04-01,777.9,2910.7,49.4479299,5.91,6.87,8.72,62.8959,5.4
1988-05-01,763.4,2926,49.57450309,6.26,7.09,9.09,62.8223,5.6
1988-06-01,778.5,2938.4,49.78545843,6.46,7.51,8.92,62.9823,5.4
1988-07-01,785.5,2947.2,49.99641376,6.73,7.75,9.06,63.0093,5.4
1988-08-01,781,2952,50.20736909,7.06,8.01,9.26,63.2723,5.6
1988-09-01,779.7,2956.9,50.41832442,7.24,8.19,8.98,63.099,5.4
1988-10-01,780.8,2965.3,50.58708869,7.35,8.3,8.8,63.4122,5.4
1988-11-01,786.9,2980.2,50.75585296,7.76,8.35,8.96,63.5128,5.3
1988-12-01,803.1,2988.2,50.92461722,8.07,8.76,9.11,63.8233,5.3
1989-01-01,792.1,2991.7,51.13557255,8.27,9.12,9.09,64.0153,5.4
1989-02-01,771.6,2992.2,51.30433682,8.53,9.36,9.17,63.7242,5.2
1989-03-01,774.6,2999.7,51.55748322,8.82,9.85,9.36,63.8691,5
1989-04-01,790.2,3006,51.93720282,8.65,9.84,9.18,63.9124,5.2
1989-05-01,766.1,3011.6,52.19034922,8.43,9.81,8.86,63.4884,5.2
1989-06-01,772.8,3027.9,52.35911348,8.15,9.53,8.28,63.5187,5.3
1989-07-01,780.7,3052.4,52.52787775,7.88,9.24,8.02,62.9354,5.2
1989-08-01,776.5,3074.4,52.52787775,7.9,8.99,8.11,63.5168,5.2
1989-09-01,777.7,3092.5,52.65445095,7.75,9.02,8.19,63.2954,5.3
1989-10-01,783.2,3114.1,52.90759735,7.64,8.84,8.01,63.2542,5.3
1989-11-01,790.2,3133.3,53.11855268,7.69,8.55,7.87,63.4616,5.4
1989-12-01,810.6,3152.5,53.28731694,7.63,8.45,7.84,63.8467,5.4
1990-01-01,800.7,3166.8,53.79360974,7.64,8.23,8.21,63.4228,5.4
1990-02-01,786.7,3179.2,54.00456507,7.74,8.24,8.47,64.0446,5.3
1990-03-01,794.5,3190.1,54.25771147,7.9,8.28,8.59,64.358,5.2
1990-04-01,816.2,3201.6,54.38428467,7.77,8.26,8.79,64.2602,5.4
1990-05-01,795.5,3200.6,54.4686668,7.74,8.18,8.76,64.3973,5.4
1990-06-01,809,3213.7,54.80619534,7.73,8.29,8.48,64.6041,5.2
1990-07-01,811,3224.5,55.05934173,7.62,8.15,8.47,64.5205,5.5
1990-08-01,812.7,3242,55.52344347,7.45,8.13,8.75,64.7326,5.7
1990-09-01,817.1,3254.6,55.90316306,7.36,8.2,8.89,64.8145,5.9
1990-10-01,816.1,3259.3,56.28288266,7.17,8.11,8.72,64.3274,5.9
1990-11-01,824.6,3262.6,56.40945586,7.06,7.81,8.39,63.5753,6.2
1990-12-01,842.7,3271.8,56.62041119,6.74,7.31,8.08,63.1594,6.3
1991-01-01,831.7,3287.7,56.83136653,6.22,6.91,8.09,62.8852,6.4
1991-02-01,822.1,3304.5,56.87355759,5.94,6.25,7.85,62.4462,6.6
1991-03-01,833.7,3321.9,56.87355759,5.91,6.12,8.11,62.119,6.8
1991-04-01,851.9,3332.4,57.00013079,5.65,5.91,8.04,62.2415,6.7
1991-05-01,840.3,3343,57.21108612,5.46,5.78,8.07,62.8646,6.9
1991-06-01,856.7,3351.9,57.37985039,5.57,5.9,8.28,63.4372,6.9
1991-07-01,860.9,3356.1,57.46423252,5.58,5.82,8.27,63.5128,6.8
1991-08-01,863.2,3355,57.63299679,5.33,5.66,7.9,63.5671,6.9
1991-09-01,865.4,3354.9,57.80176106,5.22,5.45,7.65,64.133,6.9
1991-10-01,874,3360.1,57.88614319,4.99,5.21,7.53,64.0213,7
1991-11-01,892.3,3365.5,58.13928959,4.56,4.81,7.42,63.948,7
1991-12-01,915.6,3372.2,58.30805385,4.07,4.43,7.09,63.6937,7.3
1992-01-01,916.4,3381.2,58.35024492,3.8,4.03,7.03,63.3374,7.3
1992-02-01,915.1,3400,58.47681812,3.84,4.06,7.34,63.7911,7.4
1992-03-01,929.6,3403.9,58.68777345,4.04,3.98,7.54,64.3212,7.4
1992-04-01,953.7,3399.7,58.81434665,3.75,3.73,7.48,64.8088,7.4
1992-05-01,942.9,3398.6,58.94091985,3.63,3.82,7.39,65.0202,7.6
1992-06-01,951,3393.4,59.10968412,3.66,3.76,7.26,65.0295,7.8
1992-07-01,962,3393.9,59.27844838,3.21,3.25,6.84,65.6172,7.7
1992-08-01,970.1,3398.8,59.40502158,3.13,3.3,6.59,65.2943,7.6
1992-09-01,982.7,3410.3,59.53159478,2.91,3.22,6.42,65.446,7.6
1992-10-01,1000.8,3423.8,59.78474118,2.86,3.1,6.59,65.9369,7.3
1992-11-01,1021.4,3426.5,59.95350544,3.13,3.09,6.87,66.2174,7.4
1992-12-01,1045.6,3424.7,60.03788758,3.22,2.92,6.77,66.2772,7.4
1993-01-01,1039.8,3419.1,60.24884291,3,3.02,6.6,66.5643,7.3
1993-02-01,1021.9,3414.5,60.37541611,2.93,3.03,6.26,66.8594,7.1
1993-03-01,1030.5,3411.7,60.45979824,2.95,3.07,5.98,66.7658,7
1993-04-01,1057.4,3411.3,60.67075357,2.87,2.96,5.97,67,7.1
1993-05-01,1056.8,3436.9,60.83951784,2.96,3,6.04,66.7674,7.1
1993-06-01,1071.8,3442.4,60.88170891,3.07,3.04,5.96,66.8781,7
1993-07-01,1083.1,3442,60.96609104,3.04,3.06,5.81,67.0845,6.9
1993-08-01,1088.1,3445.7,61.09266424,3.02,3.03,5.68,67.014,6.8
1993-09-01,1098.8,3452.2,61.17704637,2.95,3.09,5.36,67.3345,6.7
1993-10-01,1111.6,3456.7,61.43019277,3.02,2.99,5.33,67.8515,6.8
1993-11-01,1129,3470.1,61.59895704,3.1,3.02,5.72,68.1326,6.6
1993-12-01,1153.3,3474.5,61.72553024,3.06,2.96,5.77,68.5054,6.5
1994-01-01,1141.7,3474.9,61.72553024,2.98,3.05,5.75,68.7648,6.6
1994-02-01,1123.8,3475.7,61.8942945,3.25,3.25,5.97,68.7836,6.6
1994-03-01,1131.1,3480.1,62.06305877,3.5,3.34,6.48,69.4766,6.5
1994-04-01,1152.2,3481.3,62.10524983,3.68,3.56,6.97,69.8703,6.4
1994-05-01,1132,3490.8,62.23182303,4.14,4.01,7.18,70.2281,6.1
1994-06-01,1141.8,3479.5,62.4005873,4.14,4.25,7.1,70.6763,6.1
1994-07-01,1150.9,3488.2,62.61154263,4.33,4.26,7.3,70.7846,6.1
1994-08-01,1144.1,3485.7,62.86468903,4.48,4.47,7.24,71.2053,6
1994-09-01,1146.4,3486.1,62.99126223,4.62,4.73,7.46,71.4767,5.9
1994-10-01,1147.9,3484.3,63.0334533,4.95,4.76,7.74,72.082,5.8
1994-11-01,1156.2,3487.2,63.20221756,5.29,5.29,7.96,72.5263,5.6
1994-12-01,1174.5,3486.4,63.32879076,5.6,5.45,7.81,73.2879,5.5
1995-01-01,1159.5,3492.4,63.49755503,5.71,5.53,7.78,73.4219,5.6
1995-02-01,1135.3,3489.9,63.66631929,5.77,5.92,7.47,73.3025,5.4
1995-03-01,1139.3,3491.1,63.79289249,5.73,5.98,7.2,73.4081,5.4
1995-04-01,1160.3,3499.2,64.04603889,5.65,6.05,7.06,73.3612,5.8
1995-05-01,1134,3524.2,64.17261209,5.67,6.01,6.63,73.6104,5.6
1995-06-01,1141,3548.9,64.29918529,5.47,6,6.17,73.8602,5.6
1995-07-01,1145.7,3567.4,64.38356742,5.42,5.85,6.28,73.5664,5.7
1995-08-01,1139.3,3589,64.51014062,5.4,5.74,6.49,74.495,5.7
1995-09-01,1138.4,3602.1,64.59452276,5.28,5.8,6.2,74.7937,5.6
1995-10-01,1132.9,3613.4,64.76328702,5.28,5.76,6.04,74.7017,5.5
1995-11-01,1138.6,3619.9,64.84766915,5.36,5.8,5.93,74.8897,5.6
1995-12-01,1152.7,3629.5,64.93205129,5.14,5.6,5.71,75.1755,5.6
1996-01-01,1130.2,3647.9,65.26957982,5,5.56,5.65,74.6841,5.6
1996-02-01,1105.8,3661.8,65.39615302,4.83,5.22,5.81,75.8344,5.5
1996-03-01,1118,3687,65.60710835,4.96,5.31,6.27,75.7631,5.5
1996-04-01,1131.8,3697.8,65.86025475,4.95,5.22,6.51,76.4562,5.6
1996-05-01,1105.9,3709.6,65.98682795,5.02,5.24,6.74,77.0161,5.6
1996-06-01,1115,3722.5,66.11340115,5.09,5.27,6.91,77.6669,5.3
1996-07-01,1110.7,3737.2,66.23997435,5.15,5.4,6.87,77.5662,5.5
1996-08-01,1097.7,3744.1,66.32435648,5.05,5.22,6.64,78.016,5.1
1996-09-01,1091.7,3753.5,66.53531181,5.09,5.3,6.83,78.5532,5.2
1996-10-01,1078.4,3770.9,66.74626715,4.99,5.24,6.53,78.5065,5.2
1996-11-01,1087.4,3790,66.95722248,5.03,5.31,6.2,79.1996,5.4
1996-12-01,1105.8,3810.4,67.12598674,4.91,5.29,6.3,79.7143,5.4
1997-01-01,1087.9,3824.6,67.25255994,5.03,5.25,6.58,79.8273,5.3
1997-02-01,1066.8,3836.3,67.37913314,5.01,5.19,6.42,80.793,5.2
1997-03-01,1069.2,3851.2,67.42132421,5.14,5.39,6.69,81.334,5.2
1997-04-01,1074.5,3867.2,67.46351528,5.16,5.51,6.89,81.3531,5.1
1997-05-01,1054.7,3879.1,67.46351528,5.05,5.5,6.71,81.8293,4.9
1997-06-01,1064.8,3895.8,67.59008847,4.93,5.56,6.49,82.2285,5
1997-07-01,1065.8,3913.8,67.67447061,5.05,5.52,6.22,82.8557,4.9
1997-08-01,1069.1,3947.3,67.84323487,5.14,5.54,6.3,83.7214,4.8
1997-09-01,1059.5,3963,68.01199914,4.95,5.54,6.21,84.4651,4.9
1997-10-01,1057.6,3982.1,68.13857234,4.97,5.5,6.03,85.1918,4.7
1997-11-01,1074.1,4004.6,68.22295447,5.14,5.52,5.88,85.9397,4.6
1997-12-01,1097.5,4022.8,68.26514554,5.16,5.5,5.81,86.2047,4.7
1998-01-01,1080.2,4046.1,68.34952767,5.04,5.56,5.54,86.6474,4.6
1998-02-01,1066.2,4078.8,68.34952767,5.09,5.51,5.57,86.7612,4.6
1998-03-01,1075.9,4104.3,68.34952767,5.03,5.49,5.65,86.8198,4.7
1998-04-01,1087.7,4130.1,68.4339098,4.95,5.45,5.64,87.1411,4.3
1998-05-01,1070.8,4154,68.60267407,5,5.49,5.65,87.6952,4.4
1998-06-01,1075.2,4173.8,68.6870562,4.98,5.56,5.5,87.145,4.5
1998-07-01,1074.2,4193.5,68.85582047,4.96,5.54,5.46,86.8423,4.5
1998-08-01,1069.3,4218.5,68.9402026,4.9,5.55,5.34,88.6247,4.5
1998-09-01,1070.6,4257.4,68.98239367,4.61,5.51,4.81,88.4515,4.6
1998-10-01,1077.4,4297.5,69.15115793,3.96,5.07,4.53,89.1677,4.5
1998-11-01,1098,4336.1,69.23554007,4.41,4.83,4.83,89.1098,4.4
1998-12-01,1121.2,4365,69.36211327,4.39,4.68,4.65,89.4407,4.4
1999-01-01,1103.9,4392.4,69.48868647,4.34,4.63,4.72,89.8594,4.3
1999-02-01,1085.2,4415.2,69.48868647,4.44,4.76,5,90.3386,4.4
1999-03-01,1097.5,4422,69.53087753,4.44,4.81,5.23,90.4819,4.2
1999-04-01,1113.6,4450.6,69.99497926,4.29,4.74,5.18,90.7274,4.3
1999-05-01,1096.4,4474.9,70.03717033,4.5,4.74,5.54,91.352,4.2
1999-06-01,1098.2,4496.7,70.03717033,4.57,4.76,5.9,91.1994,4.3
1999-07-01,1097.2,4523.9,70.33250779,4.55,4.99,5.79,91.7766,4.3
1999-08-01,1092.8,4541.2,70.50127206,4.72,5.07,5.94,92.1629,4.2
1999-09-01,1086.2,4557.2,70.79660953,4.68,5.22,5.92,91.774,4.2
1999-10-01,1095.1,4580.9,70.92318273,4.86,5.2,6.11,92.9979,4.1
1999-11-01,1113,4599.9,71.04975592,5.07,5.42,6.03,93.4371,4.1
1999-12-01,1148.2,4627.4,71.21852019,5.2,5.3,6.28,94.1593,4
2000-01-01,1126.9,4655.7,71.42947552,5.32,5.45,6.66,94.1758,4
2000-02-01,1097.4,4669,71.72481299,5.55,5.73,6.52,94.4557,4.1
2000-03-01,1108.9,4699.8,72.14672365,5.69,5.85,6.26,94.798,4
2000-04-01,1125.7,4755.6,72.10453259,5.66,6.02,5.99,95.4808,3.8
2000-05-01,1100.4,4743.1,72.23110579,5.79,6.27,6.44,95.6435,4
2000-06-01,1101.8,4760.9,72.65301645,5.69,6.53,6.1,95.7353,4
2000-07-01,1102.8,4778.4,72.86397178,5.96,6.54,6.05,95.5906,4
2000-08-01,1094.5,4806.6,72.86397178,6.09,6.5,5.83,95.3112,4.1
2000-09-01,1088.8,4842.2,73.24369138,6,6.52,5.8,95.679,3.9
2000-10-01,1092.2,4858.2,73.37026458,6.11,6.51,5.74,95.397,3.9
2000-11-01,1092.1,4869,73.49683778,6.17,6.51,5.72,95.4229,3.9
2000-12-01,1111.7,4913.7,73.66560205,5.77,6.4,5.24,95.1573,3.9
2001-01-01,1100.4,4964.3,74.08751271,5.15,5.98,5.16,94.5448,4.2
2001-02-01,1089.8,5002.6,74.25627698,4.88,5.49,5.1,93.9398,4.2
2001-03-01,1111.2,5060.4,74.29846804,4.42,5.31,4.89,93.7201,4.3
2001-04-01,1126.7,5124.4,74.42504124,3.87,4.8,5.14,93.4469,4.4
2001-05-01,1114.7,5121.1,74.80476084,3.62,4.21,5.39,92.876,4.3
2001-06-01,1126.3,5161.3,74.97352511,3.49,3.97,5.28,92.3208,4.5
2001-07-01,1139.7,5191.3,74.84695191,3.51,3.77,5.24,91.7933,4.6
2001-08-01,1144.5,5225.2,74.84695191,3.36,3.65,4.97,91.6795,4.9
2001-09-01,1193.6,5336.3,75.14228937,2.64,3.07,4.73,91.3289,5
2001-10-01,1159.2,5324.9,74.93133404,2.16,2.49,4.57,90.9315,5.3
2001-11-01,1169,5368.5,74.88914297,1.87,2.09,4.65,90.486,5.5
2001-12-01,1208.5,5421.6,74.84695191,1.69,1.82,5.09,90.5073,5.7
2002-01-01,1191.8,5442,74.97352511,1.65,1.73,5.04,91.0794,5.7
2002-02-01,1178.3,5471.4,75.10009831,1.72,1.74,4.91,91.0553,5.7
2002-03-01,1196.8,5483.4,75.31105364,1.79,1.73,5.28,91.798,5.7
2002-04-01,1196.9,5483.5,75.64858217,1.71,1.75,5.21,92.1771,5.9
2002-05-01,1186,5509.4,75.7329643,1.73,1.75,5.16,92.5668,5.8
2002-06-01,1194.7,5534.3,75.77515537,1.7,1.75,4.93,93.4476,5.8
2002-07-01,1200.4,5576.9,75.94391963,1.68,1.73,4.65,93.2237,5.8
2002-08-01,1182.3,5619.4,76.15487497,1.62,1.74,4.26,93.2359,5.7
2002-09-01,1185.8,5643.7,76.28144817,1.63,1.75,3.87,93.3654,5.7
2002-10-01,1196.6,5688.3,76.45021243,1.58,1.75,3.94,93.0834,5.7
2002-11-01,1205.3,5738.4,76.57678563,1.23,1.34,4.05,93.5693,5.9
2002-12-01,1245.5,5759.7,76.70335883,1.19,1.24,4.03,93.1103,6
2003-01-01,1225.5,5792.3,77.04088736,1.17,1.24,4.05,93.8198,5.8
2003-02-01,1225.5,5828.5,77.46279803,1.17,1.26,3.9,93.9532,5.9
2003-03-01,1245.1,5849.3,77.58937123,1.13,1.25,3.81,93.7358,5.9
2003-04-01,1259.6,5886.5,77.29403376,1.13,1.26,3.96,93.0657,6
2003-05-01,1266.6,5946.6,77.16746056,1.07,1.26,3.57,93.0918,6.1
2003-06-01,1284.7,5983.3,77.25184269,0.92,1.22,3.33,93.2476,6.3
2003-07-01,1287.9,6030,77.50498909,0.9,1.01,3.98,93.6582,6.2
2003-08-01,1292.2,6088.2,77.84251763,0.95,1.03,4.45,93.5246,6.1
2003-09-01,1286.2,6060.1,78.09566402,0.94,1.01,4.27,94.0751,6.1
2003-10-01,1288.8,6050.9,78.01128189,0.92,1.01,4.29,94.2079,6
2003-11-01,1293.9,6056.1,78.05347296,0.93,1,4.3,94.9338,5.8
2003-12-01,1332.5,6054.2,78.26442829,0.9,0.98,4.27,94.8662,5.7
2004-01-01,1301.8,6062.7,78.60195682,0.88,1,4.15,95.1085,5.7
2004-02-01,1306.7,6101.6,78.77072109,0.93,1.01,4.08,95.6847,5.6
2004-03-01,1337.9,6137.4,78.93948535,0.94,1,3.83,95.2088,5.8
2004-04-01,1343.2,6178.4,79.06605855,0.94,1,4.35,95.6385,5.6
2004-05-01,1333.4,6255,79.40358708,1.02,1,4.72,96.3966,5.6
2004-06-01,1347.7,6257.3,79.69892455,1.27,1.03,4.73,95.6019,5.6
2004-07-01,1338.8,6271,79.78330668,1.33,1.26,4.5,96.3385,5.5
2004-08-01,1352.6,6297.1,79.82549775,1.48,1.43,4.28,96.4095,5.4
2004-09-01,1349.1,6331.7,80.07864415,1.65,1.61,4.13,96.4907,5.4
2004-10-01,1351.4,6359.9,80.50055481,1.76,1.76,4.1,97.4094,5.5
2004-11-01,1371,6386.4,80.88027441,2.07,1.93,4.19,97.6137,5.4
2004-12-01,1401.5,6405,80.88027441,2.19,2.16,4.23,98.3318,5.4
2005-01-01,1361.5,6411.2,80.83808334,2.33,2.28,4.22,98.7845,5.3
2005-02-01,1355,6419.6,81.17561188,2.54,2.5,4.17,99.4639,5.4
2005-03-01,1381.7,6428.6,81.47094934,2.74,2.63,4.5,99.3061,5.2
2005-04-01,1369.4,6442.6,81.72409574,2.78,2.79,4.34,99.4734,5.2
2005-05-01,1369.5,6459.9,81.68190467,2.84,3,4.14,99.6033,5.1
2005-06-01,1384.3,6492.3,81.72409574,2.97,3.04,4,99.9853,5
2005-07-01,1365.4,6523.9,82.23038854,3.22,3.26,4.18,99.6692,5
2005-08-01,1376.9,6556.6,82.73668134,3.44,3.5,4.26,99.9435,4.9
2005-09-01,1363.5,6590.7,83.87584013,3.42,3.62,4.2,98.0779,5
2005-10-01,1365.4,6624.7,84.00241333,3.71,3.78,4.46,99.3149,5
2005-11-01,1373.6,6641.2,83.58050266,3.88,4,4.54,100.3216,5
2005-12-01,1397.2,6668,83.58050266,3.89,4.16,4.47,100.9437,4.9
2006-01-01,1375.5,6710.5,84.08679546,4.24,4.29,4.42,101.0627,4.7
2006-02-01,1362,6734.8,84.12898653,4.43,4.49,4.57,101.0669,4.8
2006-03-01,1394.7,6749.3,84.25555973,4.51,4.59,4.72,101.2751,4.7
2006-04-01,1393.6,6786.4,84.67747039,4.6,4.79,4.99,101.6813,4.7
2006-05-01,1392.1,6793,84.93061679,4.72,4.94,5.11,101.579,4.6
2006-06-01,1379,6831,85.14157212,4.79,4.99,5.11,101.9693,4.6
2006-07-01,1368.6,6872.5,85.60567385,4.95,5.24,5.09,101.9319,4.7
2006-08-01,1370.6,6903.3,85.98539345,4.96,5.25,4.88,102.3327,4.7
2006-09-01,1347.4,6930.5,85.56348279,4.81,5.25,4.72,102.1252,4.5
2006-10-01,1360.3,6979.5,85.18376319,4.92,5.25,4.73,102.0668,4.4
2006-11-01,1368.5,7014.3,85.22595426,4.94,5.25,4.6,101.9688,4.5
2006-12-01,1387.7,7057.5,85.69005599,4.85,5.24,4.56,103.0292,4.4
2007-01-01,1369,7095.5,85.83223988,4.98,5.25,4.76,102.4933,4.6
2007-02-01,1347.5,7111.3,86.1651274,5.03,5.26,4.72,103.5264,4.5
2007-03-01,1378.4,7145.1,86.61319652,4.94,5.26,4.56,103.7521,4.4
2007-04-01,1392.3,7217.4,86.87309349,4.87,5.25,4.69,104.4814,4.5
2007-05-01,1385.6,7231,87.23213947,4.73,5.25,4.75,104.5322,4.4
2007-06-01,1370.8,7264.2,87.43423468,4.61,5.25,5.1,104.5617,4.6
2007-07-01,1368.6,7294.5,87.58991971,4.82,5.26,5,104.5227,4.7
2007-08-01,1372.8,7370.9,87.61692199,4.2,5.02,4.67,104.7556,4.6
2007-09-01,1356.3,7389.2,87.98820338,3.89,4.94,4.52,105.1611,4.7
2007-10-01,1369.4,7402.8,88.25949194,3.9,4.76,4.53,104.7171,4.7
2007-11-01,1370.5,7427.8,88.95311307,3.27,4.49,4.15,105.3338,4.7
2007-12-01,1394.9,7458,89.21090048,3,4.24,4.1,105.3457,5
2008-01-01,1375.9,7491.8,89.51847336,2.75,3.94,3.74,105.0619,5
2008-02-01,1365.9,7576.5,89.73491353,2.12,2.98,3.74,104.7094,4.9
2008-03-01,1401.1,7642.5,90.05598755,1.26,2.61,3.51,104.4616,5.1
2008-04-01,1406.6,7685.2,90.26441141,1.29,2.28,3.68,103.6704,5
2008-05-01,1396.5,7697.1,90.79855031,1.73,1.98,3.88,103.0863,5.4
2008-06-01,1407.3,7714.6,91.74995886,1.86,2,4.1,102.8445,5.6
2008-07-01,1417.7,7761,92.40518613,1.63,2.01,4.01,102.3002,5.8
2008-08-01,1401.3,7776,92.26764325,1.72,2,3.89,100.7353,6.1
2008-09-01,1441.5,7845.9,92.34654054,1.13,1.81,3.69,96.3666,6.1
2008-10-01,1462.6,7954,91.55250467,0.67,0.97,3.81,97.2832,6.5
2008-11-01,1513.7,8004.6,89.9315239,0.19,0.39,3.53,96.0605,6.8
2008-12-01,1632.3,8181,89.19107068,0.03,0.16,2.42,93.2521,7.3
2009-01-01,1580.7,8262.4,89.41679289,0.13,0.15,2.52,91.0373,7.8
2009-02-01,1552,8291.6,89.74250792,0.3,0.22,2.87,90.4502,8.3
2009-03-01,1594.9,8357.6,89.65390668,0.21,0.18,2.82,89.016,8.7
2009-04-01,1627.7,8360.7,89.74419556,0.16,0.15,2.93,88.3056,9
2009-05-01,1617.9,8418.2,89.8762536,0.18,0.18,3.29,87.4155,9.4
2009-06-01,1661.7,8427.8,90.62219166,0.18,0.21,3.72,87.0742,9.5
2009-07-01,1657.7,8432.5,90.59518937,0.18,0.16,3.56,88.0323,9.5
2009-08-01,1651.3,8432.2,90.89854314,0.17,0.16,3.59,89.019,9.6
2009-09-01,1641,8431.5,91.07405798,0.12,0.15,3.4,89.6926,9.8
2009-10-01,1664.3,8458.3,91.34745609,0.07,0.12,3.39,89.9797,10
2009-11-01,1683.1,8488.4,91.65334132,0.05,0.12,3.4,90.3375,9.9
2009-12-01,1724.4,8483.4,91.70101723,0.05,0.12,3.59,90.6132,9.9
2010-01-01,1674.2,8445.7,91.76050663,0.06,0.11,3.73,91.6642,9.8
2010-02-01,1685.2,8495.3,91.67317112,0.11,0.13,3.69,91.994,9.8
2010-03-01,1729.5,8492.4,91.70354869,0.15,0.16,3.73,92.5993,9.9
2010-04-01,1716,8522.8,91.72464422,0.16,0.2,3.85,92.9436,9.9
2010-05-01,1708.2,8577.5,91.67696832,0.16,0.2,3.42,94.2997,9.6
2010-06-01,1732.3,8596.6,91.63857445,0.12,0.18,3.2,94.4397,9.4
2010-07-01,1718.4,8606.2,91.80987018,0.16,0.18,3.01,94.8536,9.4
2010-08-01,1739.6,8656.5,91.94403777,0.16,0.19,2.7,95.1448,9.5
2010-09-01,1741.4,8687.7,92.09255032,0.15,0.19,2.65,95.3637,9.5
2010-10-01,1767.4,8736.7,92.41320243,0.13,0.19,2.54,95.1109,9.4
2010-11-01,1828.7,8757.4,92.64736285,0.14,0.19,2.76,95.1383,9.8
2010-12-01,1871.4,8789.3,93.01948805,0.14,0.18,3.29,96.0599,9.3
2011-01-01,1855.6,8825.9,93.32115418,0.15,0.17,3.39,95.9364,9.1
2011-02-01,1858.7,8871.4,93.62113266,0.13,0.16,3.58,95.5154,9
2011-03-01,1909.4,8915.7,94.1054861,0.1,0.14,3.41,96.4643,9
2011-04-01,1918,8977.9,94.54722657,0.06,0.1,3.46,96.1187,9.1
2011-05-01,1934.2,9029.2,94.84804887,0.04,0.09,3.17,96.3377,9
2011-06-01,1954.1,9113.4,94.84804887,0.04,0.09,3,96.6154,9.1
2011-07-01,1994.5,9301.4,95.09655426,0.04,0.07,3,97.1292,9
2011-08-01,2101.9,9515.1,95.39653274,0.02,0.1,2.3,97.6731,9
2011-09-01,2099.1,9539.7,95.60369087,0.01,0.08,1.98,97.6494,9
2011-10-01,2128.1,9571.3,95.66824321,0.02,0.07,2.15,98.3222,8.8
2011-11-01,2164.4,9612.3,95.84502377,0.01,0.08,2.01,98.2433,8.6
2011-12-01,2208.1,9651.1,95.86780695,0.01,0.07,1.98,98.7876,8.5
2012-01-01,2209.2,9730.3,96.12896965,0.03,0.08,1.97,99.3925,8.3
2012-02-01,2194.5,9773.1,96.33444015,0.09,0.1,1.97,99.6203,8.3
2012-03-01,2246,9817.8,96.53611344,0.08,0.13,2.17,99.1551,8.2
2012-04-01,2268.6,9872.1,96.6964395,0.08,0.14,2.05,99.9006,8.2
2012-05-01,2248.4,9903.8,96.49645384,0.09,0.16,1.8,100.0924,8.2
2012-06-01,2271,9973.6,96.41671273,0.09,0.16,1.62,100.0728,8.2
2012-07-01,2314.6,10046.8,96.44455883,0.1,0.16,1.53,100.3354,8.2
2012-08-01,2334.6,10117.9,97.00485619,0.1,0.13,1.68,99.856,8.1
2012-09-01,2358,10200.2,97.46769219,0.11,0.14,1.72,99.9049,7.8
2012-10-01,2416.2,10261.3,97.73054253,0.1,0.16,1.75,100.1167,7.8
2012-11-01,2415.2,10319.9,97.56641929,0.09,0.16,1.65,100.5991,7.7
2012-12-01,2509.7,10445.7,97.55460579,0.07,0.16,1.72,100.9542,7.9
2013-01-01,2481.3,10471.2,97.74784087,0.07,0.14,1.91,100.8204,8
2013-02-01,2455.7,10468.2,98.27860449,0.1,0.15,1.98,101.3995,7.7
2013-03-01,2497.2,10539.7,98.002253,0.09,0.14,1.96,101.8114,7.5
2013-04-01,2542.3,10575.1,97.79762633,0.06,0.15,1.76,101.6364,7.6
2013-05-01,2518.5,10611.3,97.83812975,0.04,0.11,1.93,101.7476,7.5
2013-06-01,2523.5,10665.9,98.07102444,0.05,0.09,2.3,101.9549,7.5
2013-07-01,2543.7,10721.9,98.26299379,0.04,0.09,2.58,101.5204,7.3
2013-08-01,2537.4,10780.4,98.49757612,0.04,0.08,2.74,102.1907,7.2
2013-09-01,2555.8,10832.6,98.53470426,0.02,0.08,2.81,102.717,7.2
2013-10-01,2618.4,10945.2,98.58744309,0.05,0.09,2.62,102.5371,7.2
2013-11-01,2607.2,10953,98.76928659,0.07,0.08,2.72,102.8379,6.9
2013-12-01,2715.7,11015,99.03044929,0.07,0.09,2.9,103.1504,6.7
2014-01-01,2701.7,11065.6,99.27051646,0.04,0.07,2.86,102.7216,6.6
2014-02-01,2706.2,11148.7,99.37979132,0.05,0.07,2.71,103.5917,6.7
2014-03-01,2773.3,11190.3,99.58273035,0.05,0.08,2.72,104.5889,6.7
2014-04-01,2809.6,11246.5,99.76837105,0.03,0.09,2.71,104.6371,6.2
2014-05-01,2782.2,11314.8,99.95823084,0.03,0.09,2.56,105.0152,6.3
2014-06-01,2824.8,11367.1,100.0902889,0.04,0.1,2.6,105.4081,6.1
2014-07-01,2841.2,11428.4,100.202939,0.03,0.09,2.54,105.6157,6.2
2014-08-01,2790.2,11457.6,100.1869064,0.03,0.09,2.42,105.4986,6.1
2014-09-01,2834.6,11492,100.1940789,0.02,0.09,2.53,105.8138,5.9
2014-10-01,2865,11551.4,100.1742491,0.02,0.09,2.3,105.8357,5.7
2014-11-01,2861.1,11590.6,99.98565504,0.02,0.09,2.33,106.6634,5.8
2014-12-01,2992,11668,99.67723834,0.03,0.12,2.21,106.5085,5.6
2015-01-01,2941.1,11732.1,99.03002738,0.03,0.11,1.88,105.9806,5.7
2015-02-01,2979.6,11852.5,99.24857711,0.02,0.11,1.98,105.4425,5.5
2015-03-01,3023.9,11869.4,99.57302641,0.03,0.11,2.04,105.1464,5.4
2015-04-01,3035.4,11916.6,99.63673492,0.02,0.12,1.94,104.5272,5.4
2015-05-01,2975.9,11949.3,99.98185784,0.02,0.12,2.2,104.0742,5.6
2015-06-01,3020.7,11994.6,100.2814144,0.02,0.13,2.36,103.7174,5.3
2015-07-01,3038.4,12046.6,100.4370994,0.03,0.13,2.32,104.3243,5.2
2015-08-01,3022.3,12097.6,100.4265517,0.07,0.14,2.17,104.1621,5.1
2015-09-01,3016.3,12153.1,100.2063143,0.02,0.14,2.17,103.7768,5
2015-10-01,3011.9,12185,100.3223397,0.02,0.12,2.07,103.3976,5
2015-11-01,3056.2,12274.2,100.4214888,0.12,0.12,2.26,102.6866,5.1
2015-12-01,3141.1,12330.1,100.3375285,0.23,0.24,2.24,102.1014,5
2016-01-01,3094,12458,100.3442791,0.26,0.34,2.09,102.9525,4.9
2016-02-01,3096.6,12534.3,100.1907036,0.31,0.38,1.78,102.2225,4.9
2016-03-01,3179.8,12597.9,100.4307708,0.29,0.36,1.89,101.4155,5
2016-04-01,3234.5,12687.2,100.7636583,0.23,0.37,1.81,101.5167,5
2016-05-01,3234.8,12756,101.0324154,0.27,0.37,1.81,101.4298,4.8
2016-06-01,3247,12823.6,101.3290186,0.27,0.38,1.64,101.8747,4.9
2016-07-01,3244.7,12882.3,101.3218461,0.3,0.39,1.5,102.1325,4.8
2016-08-01,3319,12969.7,101.5125497,0.3,0.4,1.56,102.0407,4.9
2016-09-01,3296.4,13030.7,101.7019876,0.29,0.4,1.63,102.0477,5
2016-10-01,3327.7,13099.3,101.9720104,0.33,0.4,1.76,102.2485,4.9
2016-11-01,3328.6,13169.6,102.1146163,0.45,0.41,2.14,102.0507,4.7
2016-12-01,3384.1,13198.9,102.4280959,0.51,0.54,2.49,102.9281,4.7
2017-01-01,3388.7,13275.4,102.8533818,0.51,0.65,2.43,103.0366,4.7
2017-02-01,3358.1,13341.1,102.9297477,0.52,0.66,2.42,102.6479,4.6
2017-03-01,3477.3,13411.4,102.8403026,0.74,0.79,2.48,103.343,4.4
2017-04-01,3489.1,13476.8,102.9677196,0.8,0.9,2.3,104.2721,4.4
2017-05-01,3517.2,13530.5,102.9301696,0.89,0.91,2.3,104.4129,4.4
2017-06-01,3527.8,13558.1,103.0229899,0.98,1.04,2.19,104.5849,4.3
2017-07-01,3548.3,13618.2,103.1107473,1.07,1.15,2.32,104.5427,4.3
2017-08-01,3588.6,13673.7,103.4934203,1.01,1.16,2.21,104.0475,4.4
2017-09-01,3542.3,13716.4,103.9663822,1.03,1.15,2.2,104.0502,4.2
2017-10-01,3601.7,13768.9,104.0376851,1.07,1.15,2.36,105.6287,4.1
2017-11-01,3603.5,13793.9,104.3520085,1.23,1.16,2.35,106.193,4.2
2017-12-01,3653,13835.6,104.5920757,1.32,1.3,2.4,106.536,4.1
2018-01-01,3652.7,13858.3,105.0068139,1.41,1.41,2.58,106.2655,4.1
2018-02-01,3566.9,13892.8,105.2114405,1.57,1.42,2.86,106.6419,4.1
2018-03-01,3689.1,13952.6,105.265867,1.7,1.51,2.84,107.2519,4
2018-04-01,3698.9,13989.1,105.4591021,1.76,1.69,2.87,108.2223,4
2018-05-01,3656.3,14054.9,105.7502204,1.86,1.7,2.98,107.3639,3.8
2018-06-01,3654.8,14120,105.9561129,1.9,1.82,2.91,108.1707,4
2018-07-01,3678,14153,106.1514575,1.96,1.91,2.89,108.652,3.8
2018-08-01,3686.2,14197,106.2704363,2.03,1.91,2.89,109.5246,3.8
2018-09-01,3671.6,14228.5,106.3257066,2.13,1.95,3,109.6749,3.7
2018-10-01,3718.5,14235.4,106.6564846,2.25,2.19,3.15,109.9165,3.8
2018-11-01,3676.6,14245.4,106.6421396,2.33,2.2,3.12,110.5067,3.7
2018-12-01,3796.9,14351.7,106.6265289,2.37,2.27,2.83,110.5516,3.9
2019-01-01,3745.5,14434.6,106.6054334,2.37,2.4,2.71,110.1185,4
2019-02-01,3702.1,14464.4,106.7910741,2.39,2.4,2.68,109.5631,3.8
2019-03-01,3754,14511.8,107.2277516,2.4,2.41,2.57,109.6811,3.8
2019-04-01,3819.9,14558.3,107.5694992,2.38,2.42,2.53,108.9888,3.6
2019-05-01,3787.8,14653.2,107.6526156,2.35,2.39,2.4,109.2264,3.6
2019-06-01,3828.2,14780.7,107.7159022,2.17,2.38,2.07,109.2774,3.7
2019-07-01,3860.8,14860.8,108.0770578,2.1,2.4,2.06,109.0852,3.7
2019-08-01,3847.3,14933.7,108.1357033,1.95,2.13,1.63,109.8543,3.7
2019-09-01,3874.7,15024.9,108.1601742,1.89,2.04,1.7,109.48,3.5
2019-10-01,3922.2,15154.6,108.5453786,1.65,1.83,1.71,109.0086,3.6
