"","date","m1","m3","p","rs","rff","rl","y","u"
"1960-01-01",1960-01-01,143.3,298.2,12.3915162203555,4.35,3.99,4.72,24.8958,5.2
"1960-02-01",1960-02-01,139.8,298.5,12.4083926469409,3.96,3.97,4.49,24.6743,4.8
"1960-03-01",1960-03-01,138.5,299.4,12.4083926469409,3.31,3.84,4.25,24.4528,5.4
"1960-04-01",1960-04-01,139.7,300.1,12.4632410333436,3.23,3.92,4.28,24.2589,5.2
"1960-05-01",1960-05-01,137.6,300.9,12.4758983532827,3.29,3.85,4.35,24.2312,5.1
"1960-06-01",1960-06-01,137.9,302.3,12.4927747798681,2.46,3.32,4.15,23.9266,5.4
"1960-07-01",1960-07-01,138.9,304.1,12.46746013999,2.3,3.23,3.9,23.8435,5.5
"1960-08-01",1960-08-01,139.4,306.9,12.4927747798681,2.3,2.98,3.8,23.8158,5.6
"1960-09-01",1960-09-01,140.5,308.4,12.4927747798681,2.48,2.6,3.8,23.5666,5.5
"1960-10-01",1960-10-01,141.2,309.5,12.5518422729171,2.3,2.47,3.89,23.5389,6.1
"1960-11-01",1960-11-01,142.3,310.9,12.5644995928562,2.37,2.44,3.93,23.2066,6.1
"1960-12-01",1960-12-01,144.5,312.4,12.5771569127953,2.25,1.98,3.84,22.7635,6.6
"1961-01-01",1961-01-01,144.5,314.1,12.5898142327344,2.24,1.45,3.84,22.7912,6.6
"1961-02-01",1961-02-01,141.6,316.5,12.5898142327344,2.42,2.54,3.78,22.7635,6.9
"1961-03-01",1961-03-01,140.6,318.3,12.5898142327344,2.39,2.02,3.74,22.902,6.9
"1961-04-01",1961-04-01,142.4,319.9,12.5771569127953,2.29,1.49,3.78,23.3727,7
"1961-05-01",1961-05-01,140.6,322.2,12.5898142327344,2.29,1.98,3.71,23.7327,7.1
"1961-06-01",1961-06-01,141.2,324.3,12.5898142327344,2.33,1.73,3.88,24.065,6.9
"1961-07-01",1961-07-01,141.5,325.6,12.6235670859052,2.24,1.17,3.92,24.342,7
"1961-08-01",1961-08-01,141.4,327.6,12.6320052991979,2.39,2,4.04,24.5635,6.6
"1961-09-01",1961-09-01,143.1,329.5,12.6488817257834,2.28,1.88,3.98,24.5358,6.7
"1961-10-01",1961-10-01,144.4,331.1,12.6488817257834,2.3,2.26,3.92,25.0066,6.5
"1961-11-01",1961-11-01,146.3,333.4,12.6488817257834,2.48,2.61,3.94,25.3943,6.1
"1961-12-01",1961-12-01,149.2,335.5,12.6615390457225,2.6,2.33,4.06,25.6158,6
"1962-01-01",1962-01-01,148.9,337.5,12.6741963656615,2.72,2.15,4.08,25.3943,5.8
"1962-02-01",1962-02-01,145.6,340.1,12.703730112186,2.73,2.37,4.04,25.8097,5.5
"1962-03-01",1962-03-01,144.6,343.1,12.7290447520642,2.72,2.85,3.93,25.9482,5.6
"1962-04-01",1962-04-01,146.7,345.5,12.7459211786496,2.73,2.78,3.84,26.0035,5.6
"1962-05-01",1962-05-01,144.5,347.5,12.7585784985887,2.69,2.36,3.87,25.9758,5.5
"1962-06-01",1962-06-01,144.8,349.3,12.7459211786496,2.73,2.68,3.91,25.9205,5.5
"1962-07-01",1962-07-01,145,350.8,12.750140285296,2.92,2.71,4.01,26.1697,5.4
"1962-08-01",1962-08-01,144.4,352.8,12.7754549251741,2.82,2.93,3.98,26.1974,5.7
"1962-09-01",1962-09-01,145.5,354.9,12.8345224182232,2.78,2.9,3.98,26.3635,5.6
"1962-10-01",1962-10-01,147,357.2,12.8176459916377,2.74,2.9,3.93,26.3912,5.4
"1962-11-01",1962-11-01,148.8,359.8,12.8176459916377,2.83,2.94,3.92,26.502,5.7
"1962-12-01",1962-12-01,151.9,362.7,12.8176459916377,2.87,2.93,3.86,26.502,5.5
"1963-01-01",1963-01-01,152.1,365.2,12.8429606315159,2.91,2.92,3.83,26.6958,5.7
"1963-02-01",1963-02-01,148.7,367.9,12.8598370581013,2.92,3,3.92,27.0005,5.9
"1963-03-01",1963-03-01,147.8,370.7,12.8724943780404,2.89,2.98,3.93,27.1666,5.7
"1963-04-01",1963-04-01,150,373.3,12.8598370581013,2.9,2.9,3.97,27.4159,5.7
"1963-05-01",1963-05-01,147.9,376.1,12.8724943780404,2.93,3,3.93,27.7482,5.9
"1963-06-01",1963-06-01,148.7,378.4,12.914685444504,2.99,2.99,3.99,27.8313,5.6
"1963-07-01",1963-07-01,149.9,381.1,12.9484382976748,3.18,3.02,4.02,27.7205,5.6
"1963-08-01",1963-08-01,149.5,383.6,12.973752937553,3.32,3.49,4,27.7759,5.4
"1963-09-01",1963-09-01,151,386,12.9610956176139,3.38,3.48,4.08,28.0528,5.5
"1963-10-01",1963-10-01,152.8,388.3,12.973752937553,3.45,3.5,4.11,28.2466,5.5
"1963-11-01",1963-11-01,155.2,391.5,12.9864102574921,3.52,3.48,4.12,28.3851,5.7
"1963-12-01",1963-12-01,157.5,393.2,13.0286013239557,3.52,3.38,4.13,28.3297,5.5
"1964-01-01",1964-01-01,157.9,395.2,13.0539159638338,3.52,3.48,4.17,28.579,5.6
"1964-02-01",1964-02-01,153.9,397.6,13.0412586438947,3.53,3.48,4.15,28.7728,5.4
"1964-03-01",1964-03-01,153.1,399.8,13.0539159638338,3.54,3.43,4.22,28.7728,5.4
"1964-04-01",1964-04-01,155.2,401.7,13.0581350704802,3.47,3.47,4.23,29.2436,5.3
"1964-05-01",1964-05-01,152.7,404.2,13.0707923904193,3.48,3.5,4.2,29.4098,5.1
"1964-06-01",1964-06-01,153.9,407.1,13.0834497103583,3.48,3.5,4.17,29.4928,5.2
"1964-07-01",1964-07-01,155.5,410.1,13.0876688170047,3.46,3.42,4.19,29.6867,4.9
"1964-08-01",1964-08-01,155.5,413.4,13.1003261369438,3.5,3.5,4.19,29.8805,5
"1964-09-01",1964-09-01,157.8,416.9,13.1129834568828,3.53,3.45,4.2,29.9913,5.1
"1964-10-01",1964-10-01,159.7,419.1,13.1298598834683,3.57,3.36,4.19,29.5759,5.1
"1964-11-01",1964-11-01,161.6,422,13.1678318432855,3.64,3.52,4.15,30.4898,4.8
"1964-12-01",1964-12-01,164.9,424.7,13.1847082698709,3.84,3.85,4.18,30.8498,5
"1965-01-01",1965-01-01,165.3,427.5,13.19736558981,3.81,3.9,4.19,31.1821,4.9
"1965-02-01",1965-02-01,160.3,430.4,13.19736558981,3.93,3.98,4.21,31.376,5.1
"1965-03-01",1965-03-01,159.9,433.2,13.2100229097491,3.93,4.04,4.21,31.7913,4.7
"1965-04-01",1965-04-01,162.6,435.4,13.2395566562736,3.93,4.09,4.2,31.9298,4.8
"1965-05-01",1965-05-01,158.7,437.1,13.2817477227372,3.89,4.1,4.21,32.179,4.6
"1965-06-01",1965-06-01,160.5,440.1,13.3365961091398,3.8,4.04,4.21,32.4283,4.6
"1965-07-01",1965-07-01,161.8,442.9,13.3239387892008,3.84,4.09,4.2,32.7329,4.4
"1965-08-01",1965-08-01,161.2,445.8,13.3112814692617,3.84,4.12,4.25,32.8713,4.4
"1965-09-01",1965-09-01,163.9,449.5,13.3408152157862,3.92,4.01,4.29,32.9544,4.3
"1965-10-01",1965-10-01,166.5,452.6,13.3534725357253,4.03,4.08,4.35,33.2868,4.2
"1965-11-01",1965-11-01,168.2,455.7,13.3956636021889,4.09,4.1,4.45,33.4252,4.1
"1965-12-01",1965-12-01,172.6,459.2,13.4378546686525,4.38,4.32,4.62,33.8406,4
"1966-01-01",1966-01-01,173.8,462,13.4505119885915,4.59,4.42,4.61,34.1729,4
"1966-02-01",1966-02-01,168.6,464.6,13.5348941215187,4.65,4.6,4.83,34.3945,3.8
"1966-03-01",1966-03-01,168.7,467.2,13.5770851879823,4.59,4.65,4.87,34.8652,3.8
"1966-04-01",1966-04-01,172.4,469.3,13.6192762544459,4.62,4.67,4.75,34.9206,3.8
"1966-05-01",1966-05-01,168,470.1,13.6488100009704,4.64,4.9,4.78,35.2529,3.9
"1966-06-01",1966-06-01,170,471.2,13.6614673209095,4.5,5.17,4.81,35.4191,3.8
"1966-07-01",1966-07-01,169.2,470.9,13.691001067434,4.8,5.3,5.02,35.6129,3.8
"1966-08-01",1966-08-01,168.3,472.6,13.7753832003612,4.96,5.53,5.22,35.6406,3.8
"1966-09-01",1966-09-01,171.1,475.4,13.8175742668247,5.37,5.4,5.18,35.9729,3.7
"1966-10-01",1966-10-01,171.6,475.7,13.8597653332883,5.35,5.53,5.01,36.2221,3.7
"1966-11-01",1966-11-01,172.9,477.3,13.8724226532274,5.32,5.76,5.16,35.9729,3.6
"1966-12-01",1966-12-01,176.9,480.2,13.8892990798128,4.96,5.4,4.84,36.056,3.8
"1967-01-01",1967-01-01,176.6,481.6,13.8808608665201,4.72,4.94,4.58,36.2261,3.9
"1967-02-01",1967-02-01,171.6,485.1,13.9230519329837,4.56,5,4.63,35.8152,3.8
"1967-03-01",1967-03-01,172.9,489.7,13.9230519329837,4.26,4.53,4.54,35.6133,3.8
"1967-04-01",1967-04-01,174.7,492.1,13.9652429994473,3.84,4.05,4.59,35.9492,3.8
"1967-05-01",1967-05-01,172.3,497.2,13.9652429994473,3.6,3.94,4.85,35.6356,3.8
"1967-06-01",1967-06-01,175.6,502,14.0496251323745,3.54,3.98,5.02,35.6311,3.9
"1967-07-01",1967-07-01,177.2,506.3,14.0918161988381,4.21,3.79,5.16,35.55,3.8
"1967-08-01",1967-08-01,177.2,510.8,14.1340072653016,4.27,3.9,5.28,36.2311,3.8
"1967-09-01",1967-09-01,179.8,514.7,14.1761983317652,4.42,3.99,5.3,36.1723,3.8
"1967-10-01",1967-10-01,181.9,518.2,14.2183893982288,4.56,3.88,5.48,36.4669,4
"1967-11-01",1967-11-01,183.8,521.2,14.302771531156,4.73,4.13,5.75,36.9884,3.9
"1967-12-01",1967-12-01,188.4,524.8,14.3449625976196,4.97,4.51,5.7,37.3868,3.8
"1968-01-01",1968-01-01,189.2,527.4,14.3871536640832,5,4.6,5.53,37.3465,3.7
"1968-02-01",1968-02-01,183,530.4,14.4293447305468,4.98,4.71,5.56,37.4804,3.8
"1968-03-01",1968-03-01,183.5,533.2,14.4715357970103,5.17,5.05,5.74,37.5974,3.7
"1968-04-01",1968-04-01,187.3,535.7,14.5137268634739,5.38,5.76,5.64,37.6518,3.5
"1968-05-01",1968-05-01,184.6,538.9,14.5559179299375,5.66,6.11,5.87,38.0741,3.5
"1968-06-01",1968-06-01,188.2,542.6,14.6403000628647,5.52,6.07,5.72,38.214,3.7
"1968-07-01",1968-07-01,189.8,545.6,14.7246821957919,5.31,6.02,5.5,38.1554,3.7
"1968-08-01",1968-08-01,189.5,549.4,14.7668732622554,5.09,6.03,5.42,38.2619,3.5
"1968-09-01",1968-09-01,191.9,553.6,14.809064328719,5.19,5.78,5.46,38.4068,3.4
"1968-10-01",1968-10-01,194.2,557.6,14.8934464616462,5.35,5.91,5.58,38.483,3.4
"1968-11-01",1968-11-01,197.6,562.4,14.9356375281098,5.45,5.82,5.7,38.9808,3.4
"1968-12-01",1968-12-01,202.8,566.8,15.020019661037,5.96,6.02,6.03,39.1039,3.4
"1969-01-01",1969-01-01,203.8,569.3,15.0622107275006,6.14,6.3,6.04,39.3405,3.4
"1969-02-01",1969-02-01,197.3,571.9,15.1044017939641,6.12,6.61,6.19,39.5922,3.4
"1969-03-01",1969-03-01,197.8,574.4,15.2309749933549,6.02,6.79,6.3,39.9027,3.4
"1969-04-01",1969-04-01,201.5,575.7,15.3153571262821,6.11,7.41,6.17,39.7559,3.4
"1969-05-01",1969-05-01,197.4,576.5,15.3575481927457,6.04,8.67,6.32,39.6056,3.4
"1969-06-01",1969-06-01,200.2,578.5,15.4419303256728,6.44,8.9,6.57,39.9925,3.5
"1969-07-01",1969-07-01,201.2,579.5,15.5263124586,7,8.61,6.72,40.2037,3.5
"1969-08-01",1969-08-01,199.5,580.1,15.5685035250636,6.98,9.19,6.69,40.2961,3.5
"1969-09-01",1969-09-01,201.2,582.1,15.6528856579908,7.09,9.15,7.16,40.287,3.7
"1969-10-01",1969-10-01,202.9,583.4,15.737267790918,7,9,7.1,40.2988,3.7
"1969-11-01",1969-11-01,205,585.4,15.8216499238451,7.24,8.85,7.14,39.9189,3.5
"1969-12-01",1969-12-01,209.3,587.9,15.9060320567723,7.82,8.97,7.65,39.8118,3.5
"1970-01-01",1970-01-01,210.8,589.6,15.9904141896995,7.87,8.98,7.79,39.0746,3.9
"1970-02-01",1970-02-01,202,586.3,16.0747963226266,7.13,8.98,7.24,39.0488,4.2
"1970-03-01",1970-03-01,203.5,587.3,16.1591784555538,6.63,7.76,7.07,38.9981,4.4
"1970-04-01",1970-04-01,208.1,588.4,16.243560588481,6.51,8.1,7.39,38.8979,4.6
"1970-05-01",1970-05-01,204.3,591.5,16.2857516549446,6.84,7.94,7.91,38.8525,4.8
"1970-06-01",1970-06-01,206.9,595.2,16.3701337878718,6.68,7.6,7.84,38.7269,4.9
"1970-07-01",1970-07-01,208.1,599.1,16.4123248543353,6.45,7.21,7.46,38.8219,5
"1970-08-01",1970-08-01,208,604.9,16.4545159207989,6.41,6.61,7.53,38.7527,5.1
"1970-09-01",1970-09-01,210.8,611.2,16.5388980537261,6.12,6.29,7.39,38.4856,5.4
"1970-10-01",1970-10-01,212.3,616.4,16.6232801866533,5.91,6.2,7.33,37.7157,5.5
"1970-11-01",1970-11-01,214.5,621.1,16.7076623195804,5.28,5.6,6.84,37.4873,5.9
"1970-12-01",1970-12-01,220.1,626.5,16.7920444525076,4.87,4.9,6.39,38.3482,6.1
"1971-01-01",1971-01-01,220.4,632.9,16.8342355189712,4.44,4.14,6.24,38.6432,5.9
"1971-02-01",1971-02-01,214.3,641,16.8342355189712,3.7,3.72,6.11,38.5695,5.9
"1971-03-01",1971-03-01,216.4,649.9,16.8764265854348,3.38,3.71,5.7,38.5278,6
"1971-04-01",1971-04-01,221.4,658.4,16.9186176518984,3.86,4.15,5.83,38.7441,5.9
"1971-05-01",1971-05-01,218.8,666.7,17.0029997848256,4.14,4.63,6.39,38.9407,5.9
"1971-06-01",1971-06-01,222.9,673,17.0873819177527,4.75,4.91,6.52,39.104,5.9
"1971-07-01",1971-07-01,225.1,679.6,17.1295729842163,5.4,5.31,6.73,38.9905,6
"1971-08-01",1971-08-01,223.6,685.5,17.1717640506799,4.94,5.56,6.58,38.7642,6.1
"1971-09-01",1971-09-01,225.4,692.5,17.2139551171435,4.69,5.55,6.14,39.3942,6
"1971-10-01",1971-10-01,226.6,698.4,17.2561461836071,4.46,5.2,5.93,39.6891,5.8
"1971-11-01",1971-11-01,228.8,704.6,17.2983372500707,4.22,4.91,5.81,39.8576,6
"1971-12-01",1971-12-01,234.5,710.3,17.3405283165343,4.01,4.14,5.93,40.3177,6
"1972-01-01",1972-01-01,235,717.7,17.3827193829978,3.38,3.5,5.95,41.2876,5.8
"1972-02-01",1972-02-01,228.9,725.7,17.467101515925,3.2,3.29,6.08,41.6865,5.7
"1972-03-01",1972-03-01,231.7,733.5,17.467101515925,3.73,3.83,6.07,41.9746,5.8
"1972-04-01",1972-04-01,236.9,738.4,17.5092925823886,3.71,4.17,6.19,42.4183,5.7
"1972-05-01",1972-05-01,232.2,743.3,17.5514836488522,3.69,4.27,6.13,42.3963,5.7
"1972-06-01",1972-06-01,236.1,749.7,17.5936747153158,3.91,4.46,6.11,42.5166,5.7
"1972-07-01",1972-07-01,239.1,759.5,17.6358657817794,3.98,4.55,6.11,42.498,5.6
"1972-08-01",1972-08-01,238.7,768.7,17.678056848243,4.02,4.8,6.21,43.0629,5.6
"1972-09-01",1972-09-01,241.9,778.3,17.7624389811701,4.66,4.87,6.55,43.3918,5.5
"1972-10-01",1972-10-01,244.2,786.9,17.8046300476337,4.74,5.04,6.48,43.9718,5.6
"1972-11-01",1972-11-01,247.7,793.9,17.8890121805609,4.78,5.06,6.28,44.4919,5.3
"1972-12-01",1972-12-01,256.1,802.3,17.9312032470245,5.07,5.33,6.36,45.0015,5.2
"1973-01-01",1973-01-01,256.4,810.3,18.0155853799516,5.41,5.94,6.46,45.2942,4.9
"1973-02-01",1973-02-01,248.4,814.1,18.1421585793424,5.6,6.58,6.64,45.9656,5
"1973-03-01",1973-03-01,248.8,815.3,18.3109228451968,6.09,7.09,6.71,45.9872,4.9
"1973-04-01",1973-04-01,254,819.7,18.4374960445875,6.26,7.12,6.67,45.9237,5
"1973-05-01",1973-05-01,250.8,826.8,18.5218781775147,6.36,7.84,6.85,46.2192,4.9
"1973-06-01",1973-06-01,256.4,833.3,18.6484513769054,7.19,8.49,6.9,46.2509,4.9
"1973-07-01",1973-07-01,258.1,836.5,18.6484513769054,8.01,10.4,7.13,46.4421,4.8
"1973-08-01",1973-08-01,255.6,838.8,18.9859799086141,8.67,10.5,7.4,46.3648,4.8
"1973-09-01",1973-09-01,256.5,839.3,19.0703620415413,8.29,10.78,7.09,46.7803,4.8
"1973-10-01",1973-10-01,258.3,842.6,19.2391263073957,7.22,10.01,6.79,47.0954,4.6
"1973-11-01",1973-11-01,262.7,848.9,19.3656995067864,7.83,10.03,6.73,47.3445,4.8
"1973-12-01",1973-12-01,270.2,855.5,19.5344637726408,7.45,9.95,6.74,47.2315,4.9
"1974-01-01",1974-01-01,268.6,859.7,19.7454191049587,7.77,9.65,6.99,46.8994,5.1
"1974-02-01",1974-02-01,261.1,864.2,19.9563744372766,7.12,8.97,6.96,46.7538,5.2
"1974-03-01",1974-03-01,263.5,870.1,20.1673297695946,7.96,9.35,7.21,46.7685,5.1
"1974-04-01",1974-04-01,268.5,872.9,20.2939029689853,8.33,10.51,7.51,46.6069,5.1
"1974-05-01",1974-05-01,263.3,874.6,20.5048583013033,8.23,11.31,7.58,46.9743,5.1
"1974-06-01",1974-06-01,268.3,877.8,20.6736225671576,7.9,11.93,7.54,46.9233,5.4
"1974-07-01",1974-07-01,270.1,881.4,20.8001957665484,7.55,12.92,7.81,46.9464,5.5
"1974-08-01",1974-08-01,268.1,884.1,21.0533421653299,8.96,12.01,8.04,46.4907,5.5
"1974-09-01",1974-09-01,269.7,887.9,21.348679630575,8.06,11.34,8.04,46.5136,5.9
"1974-10-01",1974-10-01,271.7,893.3,21.5174438964294,7.46,10.06,7.9,46.3401,6
"1974-11-01",1974-11-01,275.7,898.6,21.7283992287473,7.47,9.45,7.68,44.8209,6.6
"1974-12-01",1974-12-01,281.8,902.1,21.8971634946016,7.15,8.53,7.43,43.234,7.2
"1975-01-01",1975-01-01,278.5,906.3,22.065927760456,6.26,7.13,7.5,42.6409,8.1
"1975-02-01",1975-02-01,269.9,914.1,22.1925009598468,5.5,6.24,7.39,41.6602,8.1
"1975-03-01",1975-03-01,272.9,925,22.2768830927739,5.49,5.54,7.73,41.2135,8.6
"1975-04-01",1975-04-01,277.7,935.1,22.3612652257011,5.61,5.49,8.23,41.246,8.8
"1975-05-01",1975-05-01,274.4,947.9,22.4034562921647,5.23,5.22,8.06,41.1515,9
"1975-06-01",1975-06-01,282.3,963,22.572220558019,5.34,5.55,7.86,41.4224,8.8
"1975-07-01",1975-07-01,284.4,975.1,22.783175890337,6.13,6.1,8.06,41.8234,8.6
"1975-08-01",1975-08-01,282.7,983.1,22.8675580232642,6.44,6.14,8.4,42.2573,8.4
"1975-09-01",1975-09-01,284.3,991.5,23.0363222891185,6.42,6.24,8.43,42.7796,8.4
"1975-10-01",1975-10-01,284.9,997.8,23.1628954885093,5.96,5.82,8.14,42.9687,8.4
"1975-11-01",1975-11-01,289.9,1006.9,23.3316597543636,5.48,5.22,8.05,43.0614,8.3
"1975-12-01",1975-12-01,295.3,1016.2,23.4582329537544,5.44,5.2,8,43.5973,8.2
"1976-01-01",1976-01-01,293.2,1026.6,23.5426150866815,4.87,4.87,7.74,44.2288,7.9
"1976-02-01",1976-02-01,285.3,1040.3,23.5848061531451,4.88,4.77,7.79,44.6725,7.7
"1976-03-01",1976-03-01,287.7,1050,23.6269972196087,5,4.84,7.73,44.7125,7.6
"1976-04-01",1976-04-01,296.1,1060.8,23.6691882860723,4.86,4.82,7.56,44.9643,7.7
"1976-05-01",1976-05-01,291.3,1072.1,23.7957614854631,5.2,5.29,7.9,45.1741,7.4
"1976-06-01",1976-06-01,295.6,1077.6,23.9223346848538,5.41,5.48,7.86,45.183,7.6
"1976-07-01",1976-07-01,298.4,1086.3,24.0489078842446,5.23,5.31,7.83,45.4535,7.8
"1976-08-01",1976-08-01,297.1,1098.7,24.1754810836353,5.14,5.29,7.77,45.7737,7.8
"1976-09-01",1976-09-01,298.6,1110.8,24.3020542830261,5.08,5.25,7.59,45.9031,7.6
"1976-10-01",1976-10-01,302.9,1125,24.4286274824169,4.92,5.02,7.41,45.9207,7.7
"1976-11-01",1976-11-01,305.7,1138.2,24.513009615344,4.75,4.95,7.29,46.5978,7.8
"1976-12-01",1976-12-01,314.5,1152,24.6395828147348,4.35,4.65,6.87,47.0854,7.8
"1977-01-01",1977-01-01,313.6,1165.2,24.7661560141256,4.62,4.61,7.21,46.8276,7.5
"1977-02-01",1977-02-01,304.9,1177.6,25.0193024129071,4.67,4.68,7.39,47.5417,7.6
"1977-03-01",1977-03-01,308.2,1188.5,25.1458756122978,4.6,4.69,7.46,48.131,7.4
"1977-04-01",1977-04-01,318.6,1199.6,25.3146398781522,4.54,4.73,7.37,48.5838,7.2
"1977-05-01",1977-05-01,311.6,1209,25.3990220110794,4.96,5.35,7.46,48.9891,7
"1977-06-01",1977-06-01,317.7,1217.8,25.5255952104701,5.02,5.39,7.28,49.3428,7.2
"1977-07-01",1977-07-01,322.2,1226.7,25.6521684098609,5.19,5.42,7.33,49.412,6.9
"1977-08-01",1977-08-01,320.2,1237,25.7787416092517,5.49,5.9,7.4,49.4259,7
"1977-09-01",1977-09-01,323.7,1246.2,25.8631237421788,5.81,6.14,7.34,49.6639,6.8
"1977-10-01",1977-10-01,327.9,1254,25.9896969415696,6.16,6.47,7.52,49.7592,6.8
"1977-11-01",1977-11-01,331.4,1262.4,26.1584612074239,6.1,6.51,7.58,49.8117,6.8
"1977-12-01",1977-12-01,340,1270.3,26.2850344068147,6.07,6.56,7.69,49.8949,6.4
"1978-01-01",1978-01-01,339.3,1279.7,26.453798672669,6.44,6.7,7.96,49.2066,6.4
"1978-02-01",1978-02-01,327.9,1285.5,26.5803718720598,6.45,6.78,8.03,49.4502,6.3
"1978-03-01",1978-03-01,330.8,1292.2,26.7491361379142,6.29,6.79,8.04,50.3928,6.3
"1978-04-01",1978-04-01,343.4,1300.4,26.9600914702321,6.29,6.89,8.15,51.4368,6.1
"1978-05-01",1978-05-01,338.2,1310.5,27.2132378690136,6.41,7.36,8.35,51.6276,6
"1978-06-01",1978-06-01,345.2,1318.5,27.4241932013315,6.73,7.6,8.46,51.9833,5.9
"1978-07-01",1978-07-01,349.5,1324.1,27.6351485336495,7.01,7.81,8.64,51.9592,6.2
"1978-08-01",1978-08-01,347.5,1333.5,27.8039127995038,7.08,8.04,8.41,52.1543,5.9
"1978-09-01",1978-09-01,352.7,1345,28.0570591982853,7.85,8.45,8.42,52.286,6
"1978-10-01",1978-10-01,354.9,1352.3,28.3102055970669,7.99,8.96,8.64,52.7054,5.8
"1978-11-01",1978-11-01,358.5,1359.1,28.4789698629212,8.64,9.76,8.81,53.1047,5.9
"1978-12-01",1978-12-01,367.9,1366,28.6477341287756,9.08,10.03,9.01,53.3886,6
"1979-01-01",1979-01-01,363.3,1371.6,28.9008805275571,9.35,10.07,9.1,53.0453,5.9
"1979-02-01",1979-02-01,351.7,1377.8,29.1962179928022,9.32,10.06,9.1,53.3303,5.9
"1979-03-01",1979-03-01,356.1,1387.8,29.4915554580473,9.48,10.09,9.12,53.4973,5.8
"1979-04-01",1979-04-01,371.3,1402.1,29.7868929232924,9.46,10.01,9.18,52.8938,5.8
"1979-05-01",1979-05-01,362.2,1410.2,30.1244214550011,9.61,10.24,9.25,53.3187,5.6
"1979-06-01",1979-06-01,371.9,1423,30.4619499867098,9.06,10.29,8.91,53.3157,5.7
"1979-07-01",1979-07-01,378.4,1434.8,30.7994785184185,9.24,10.47,8.95,53.2433,5.7
"1979-08-01",1979-08-01,376.9,1446.6,31.0948159836636,9.52,10.94,9.03,52.8899,6
"1979-09-01",1979-09-01,380.5,1454.1,31.3901534489087,10.26,11.43,9.33,52.9486,5.9
"1979-10-01",1979-10-01,382.6,1460.4,31.7276819806174,11.7,13.77,10.3,53.239,6
"1979-11-01",1979-11-01,384.4,1465.9,32.0652105123261,11.79,13.18,10.65,53.1918,5.9
"1979-12-01",1979-12-01,393.2,1473.7,32.4449301104984,12.04,13.78,10.39,53.2603,6
"1980-01-01",1980-01-01,390.4,1482.7,32.9090318415979,12,13.82,10.8,53.5037,6.3
"1980-02-01",1980-02-01,380.8,1494.6,33.3309425062337,12.86,14.13,12.41,53.5053,6.3
"1980-03-01",1980-03-01,382.2,1499.8,33.7950442373332,15.2,17.19,12.75,53.3294,6.3
"1980-04-01",1980-04-01,386.7,1502.2,34.1325727690419,13.2,17.61,11.47,52.2336,6.9
"1980-05-01",1980-05-01,377.8,1512.3,34.4701013007506,8.58,10.98,10.18,50.9638,7.5
"1980-06-01",1980-06-01,387.3,1529.2,34.8076298324593,7.07,9.47,9.78,50.3348,7.6
"1980-07-01",1980-07-01,394.6,1545.5,34.8498208989229,8.06,9.03,10.25,49.9462,7.8
"1980-08-01",1980-08-01,398.3,1561.5,35.1029672977044,9.13,9.61,11.1,50.1256,7.7
"1980-09-01",1980-09-01,404.7,1574,35.3983047629495,10.27,10.87,11.51,50.9386,7.5
"1980-10-01",1980-10-01,410.7,1584.8,35.7358332946582,11.62,12.81,11.75,51.5813,7.5
"1980-11-01",1980-11-01,415.8,1595.8,36.1155528928305,13.73,15.85,12.68,52.4717,7.5
"1980-12-01",1980-12-01,419.5,1599.8,36.4530814245392,15.49,18.9,12.84,52.7685,7.2
"1981-01-01",1981-01-01,416.4,1606.9,36.7906099562479,15.02,19.08,12.57,52.4668,7.5
"1981-02-01",1981-02-01,405.5,1618.7,37.1281384879566,14.79,15.93,13.19,52.226,7.4
"1981-03-01",1981-03-01,412.2,1636.6,37.3812848867381,13.36,14.7,13.12,52.5025,7.4
"1981-04-01",1981-04-01,431,1659.2,37.592240219056,13.69,15.72,13.68,52.2691,7.2
"1981-05-01",1981-05-01,418.5,1664.2,37.8453866178375,16.3,18.52,14.1,52.5803,7.5
"1981-06-01",1981-06-01,422.8,1670.3,38.1829151495462,14.73,19.1,13.47,52.8284,7.5
"1981-07-01",1981-07-01,427.7,1681.9,38.6048258141821,14.95,19.04,14.28,53.1751,7.2
"1981-08-01",1981-08-01,425.9,1694.3,38.9001632794272,15.51,17.82,14.94,53.1679,7.4
"1981-09-01",1981-09-01,427,1706,39.2798828775995,14.7,15.87,15.32,52.8514,7.6
"1981-10-01",1981-10-01,429.7,1721.8,39.4064560769902,13.54,15.08,15.15,52.4949,7.9
"1981-11-01",1981-11-01,435.1,1736.1,39.5752203428446,10.86,13.31,13.39,51.894,8.3
"1981-12-01",1981-12-01,447,1755.5,39.7017935422354,10.85,12.37,13.72,51.3274,8.5
"1982-01-01",1982-01-01,448.4,1770.4,39.8283667416261,12.28,13.22,14.59,50.3043,8.6
"1982-02-01",1982-02-01,432.4,1774.5,39.9549399410169,13.48,14.78,14.43,51.3016,8.9
"1982-03-01",1982-03-01,435.6,1786.5,39.9549399410169,12.68,14.68,13.86,50.9104,9
"1982-04-01",1982-04-01,451.1,1803.9,40.0815131404076,12.7,14.94,13.87,50.4627,9.3
"1982-05-01",1982-05-01,440.9,1815.4,40.4612327385799,12.09,14.45,13.62,50.138,9.4
"1982-06-01",1982-06-01,446.2,1826,40.9253344696794,12.47,14.15,14.3,49.9692,9.6
"1982-07-01",1982-07-01,449.5,1831.5,41.1362898019973,11.35,12.59,13.95,49.8138,9.8
"1982-08-01",1982-08-01,449.8,1845.2,41.2206719349245,8.68,10.12,13.06,49.3773,9.8
"1982-09-01",1982-09-01,456.2,1858.4,41.2206719349245,7.92,10.31,12.34,49.226,10.1
"1982-10-01",1982-10-01,465.7,1869.7,41.3894362007788,7.71,9.71,10.91,48.7874,10.4
"1982-11-01",1982-11-01,474.4,1883.7,41.3472451343152,8.07,9.2,10.55,48.592,10.8
"1982-12-01",1982-12-01,485.8,1905.9,41.2206719349245,7.94,8.95,10.54,48.2424,10.8
"1983-01-01",1983-01-01,482.8,1959.4,41.3050540678517,7.86,8.68,10.46,49.1762,10.4
"1983-02-01",1983-02-01,474.2,1996.8,41.3472451343152,8.11,8.51,10.72,48.8688,10.4
"1983-03-01",1983-03-01,482.7,2015.2,41.3894362007788,8.35,8.77,10.51,49.2654,10.3
"1983-04-01",1983-04-01,498.6,2028.6,41.684773666024,8.21,8.8,10.4,49.8675,10.2
"1983-05-01",1983-05-01,493.9,2043.1,41.8535379318783,8.19,8.63,10.38,50.2084,10.1
"1983-06-01",1983-06-01,503.5,2053.5,41.9379200648055,8.79,8.98,10.85,50.5089,10.1
"1983-07-01",1983-07-01,510.5,2064.8,42.1066843306598,9.08,9.37,11.38,51.2733,9.4
"1983-08-01",1983-08-01,508.2,2074,42.2332575300506,9.34,9.56,11.85,51.8454,9.5
"1983-09-01",1983-09-01,511.4,2083.2,42.3598307294413,9,9.45,11.65,52.6303,9.2
"1983-10-01",1983-10-01,517.2,2099.3,42.5285949952957,8.64,9.48,11.54,53.0679,8.8
"1983-11-01",1983-11-01,521.8,2112.3,42.6551681946864,8.76,9.34,11.69,53.2534,8.5
"1983-12-01",1983-12-01,533.3,2123.5,42.7817413940772,9,9.47,11.83,53.5343,8.3
"1984-01-01",1984-01-01,530.2,2138.2,43.0770788593223,8.9,9.56,11.67,54.6008,8
"1984-02-01",1984-02-01,516.9,2158.2,43.2880341916403,9.09,9.59,11.84,54.835,7.8
"1984-03-01",1984-03-01,523.2,2175.2,43.414607391031,9.52,9.91,12.32,55.1052,7.8
"1984-04-01",1984-04-01,539.9,2191.7,43.5833716568854,9.69,10.29,12.63,55.4514,7.7
"1984-05-01",1984-05-01,530.7,2204.1,43.6677537898125,9.83,10.32,13.41,55.7141,7.4
"1984-06-01",1984-06-01,541.4,2215.1,43.7521359227397,9.87,11.06,13.56,55.9085,7.2
"1984-07-01",1984-07-01,543.3,2223.5,43.9209001885941,10.12,11.23,13.36,56.0842,7.5
"1984-08-01",1984-08-01,539,2230.4,44.0474733879848,10.47,11.64,12.72,56.1376,7.5
"1984-09-01",1984-09-01,542.5,2244.4,44.1740465873756,10.37,11.3,12.52,56.0382,7.3
"1984-10-01",1984-10-01,542.2,2258.9,44.3428108532299,9.74,9.99,12.16,55.9459,7.4
"1984-11-01",1984-11-01,549.8,2281.4,44.4271929861571,8.61,9.43,11.57,56.1667,7.2
"1984-12-01",1984-12-01,564.6,2306.4,44.5115751190843,8.06,8.38,11.5,56.2296,7.3
"1985-01-01",1985-01-01,561.1,2332.4,44.5959572520114,7.76,8.35,11.38,56.1398,7.3
"1985-02-01",1985-02-01,551.9,2354.1,44.849103650793,8.27,8.5,11.51,56.3323,7.2
"1985-03-01",1985-03-01,558.4,2366.2,45.0600589831109,8.52,8.58,11.86,56.4232,7.2
"1985-04-01",1985-04-01,575.1,2375.4,45.1444411160381,7.95,8.27,11.43,56.2693,7.3
"1985-05-01",1985-05-01,569.3,2389.5,45.2288232489653,7.48,7.97,10.85,56.3488,7.2
"1985-06-01",1985-06-01,585.2,2412.6,45.355396448356,6.95,7.53,10.16,56.3901,7.4
"1985-07-01",1985-07-01,592,2429.5,45.4397785812832,7.08,7.88,10.31,56.0234,7.4
"1985-08-01",1985-08-01,594.9,2444,45.5241607142104,7.14,7.9,10.33,56.2555,7.1
"1985-09-01",1985-09-01,602,2456.4,45.6085428471375,7.1,7.92,10.37,56.4983,7.1
"1985-10-01",1985-10-01,605.3,2468,45.7773071129919,7.16,7.99,10.24,56.2648,7.1
"1985-11-01",1985-11-01,614.9,2477.8,45.9882624453098,7.24,8.05,9.78,56.4549,7
"1985-12-01",1985-12-01,633.3,2492.1,46.1992177776278,7.1,8.27,9.26,57.0458,7
"1986-01-01",1986-01-01,626.6,2502.1,46.3679820434821,7.07,8.14,9.19,57.3104,6.7
"1986-02-01",1986-02-01,612.8,2512.9,46.2835999105549,7.06,7.86,8.7,56.9344,7.2
"1986-03-01",1986-03-01,624.3,2533.1,46.0304535117734,6.56,7.48,7.78,56.542,7.2
"1986-04-01",1986-04-01,647,2557.8,45.8616892459191,6.06,6.99,7.3,56.5599,7.1
"1986-05-01",1986-05-01,645.7,2584.8,45.9882624453098,6.15,6.85,7.71,56.6823,7.2
"1986-06-01",1986-06-01,662.8,2605,46.1570267111642,6.21,6.92,7.8,56.4976,7.2
"1986-07-01",1986-07-01,673.4,2626.6,46.1992177776278,5.83,6.56,7.3,56.814,7
"1986-08-01",1986-08-01,678.4,2646.5,46.2414088440913,5.53,6.17,7.17,56.7381,6.9
"1986-09-01",1986-09-01,684.5,2667.8,46.4101731099457,5.21,5.89,7.45,56.8532,7
"1986-10-01",1986-10-01,692.2,2687.4,46.4945552428729,5.18,5.85,7.43,57.1191,7
"1986-11-01",1986-11-01,708.8,2701.3,46.5789373758,5.35,6.04,7.25,57.3792,6.9
"1986-12-01",1986-12-01,739.8,2728,46.7477016416544,5.53,6.91,7.11,57.8623,6.6
"1987-01-01",1987-01-01,737.1,2743.9,47.0008480404359,5.43,6.43,7.08,57.685,6.6
"1987-02-01",1987-02-01,717.1,2747.5,47.1696123062903,5.59,6.1,7.25,58.4399,6.6
"1987-03-01",1987-03-01,723.1,2753.7,47.3383765721446,5.59,6.13,7.25,58.516,6.6
"1987-04-01",1987-04-01,752,2767.7,47.5493319044625,5.64,6.37,8.02,58.8851,6.3
"1987-05-01",1987-05-01,739.3,2772.9,47.6759051038533,5.66,6.85,8.61,59.2653,6.3
"1987-06-01",1987-06-01,743.8,2774.6,47.8868604361712,5.67,6.73,8.4,59.5409,6.2
"1987-07-01",1987-07-01,746.2,2779,48.013433635562,5.69,6.58,8.45,59.9536,6.1
"1987-08-01",1987-08-01,744.2,2788.2,48.2243889678799,6.04,6.73,8.76,60.4517,6
"1987-09-01",1987-09-01,744.5,2799.5,48.3931532337343,6.4,7.22,9.42,60.6069,5.9
"1987-10-01",1987-10-01,753.2,2814.8,48.519726433125,6.13,7.29,9.52,61.491,6
"1987-11-01",1987-11-01,755.5,2818.9,48.6884906989794,5.69,6.69,8.86,61.8137,5.8
"1987-12-01",1987-12-01,765.4,2826.4,48.7728728319066,5.77,6.77,8.99,62.119,5.7
"1988-01-01",1988-01-01,764.2,2847.4,48.9416370977609,5.81,6.83,8.67,62.1469,5.7
"1988-02-01",1988-02-01,744.5,2870.4,49.0260192306881,5.66,6.58,8.21,62.4169,5.7
"1988-03-01",1988-03-01,751.6,2890.7,49.1525924300788,5.7,6.58,8.37,62.5418,5.7
"1988-04-01",1988-04-01,777.9,2910.7,49.447929895324,5.91,6.87,8.72,62.8959,5.4
"1988-05-01",1988-05-01,763.4,2926,49.5745030947147,6.26,7.09,9.09,62.8223,5.6
"1988-06-01",1988-06-01,778.5,2938.4,49.7854584270326,6.46,7.51,8.92,62.9823,5.4
"1988-07-01",1988-07-01,785.5,2947.2,49.9964137593506,6.73,7.75,9.06,63.0093,5.4
"1988-08-01",1988-08-01,781,2952,50.2073690916685,7.06,8.01,9.26,63.2723,5.6
"1988-09-01",1988-09-01,779.7,2956.9,50.4183244239865,7.24,8.19,8.98,63.099,5.4
"1988-10-01",1988-10-01,780.8,2965.3,50.5870886898408,7.35,8.3,8.8,63.4122,5.4
"1988-11-01",1988-11-01,786.9,2980.2,50.7558529556952,7.76,8.35,8.96,63.5128,5.3
"1988-12-01",1988-12-01,803.1,2988.2,50.9246172215495,8.07,8.76,9.11,63.8233,5.3
"1989-01-01",1989-01-01,792.1,2991.7,51.1355725538674,8.27,9.12,9.09,64.0153,5.4
"1989-02-01",1989-02-01,771.6,2992.2,51.3043368197218,8.53,9.36,9.17,63.7242,5.2
"1989-03-01",1989-03-01,774.6,2999.7,51.5574832185033,8.82,9.85,9.36,63.8691,5
"1989-04-01",1989-04-01,790.2,3006,51.9372028166756,8.65,9.84,9.18,63.9124,5.2
"1989-05-01",1989-05-01,766.1,3011.6,52.1903492154571,8.43,9.81,8.86,63.4884,5.2
"1989-06-01",1989-06-01,772.8,3027.9,52.3591134813115,8.15,9.53,8.28,63.5187,5.3
"1989-07-01",1989-07-01,780.7,3052.4,52.5278777471658,7.88,9.24,8.02,62.9354,5.2
"1989-08-01",1989-08-01,776.5,3074.4,52.5278777471658,7.9,8.99,8.11,63.5168,5.2
"1989-09-01",1989-09-01,777.7,3092.5,52.6544509465566,7.75,9.02,8.19,63.2954,5.3
"1989-10-01",1989-10-01,783.2,3114.1,52.9075973453381,7.64,8.84,8.01,63.2542,5.3
"1989-11-01",1989-11-01,790.2,3133.3,53.118552677656,7.69,8.55,7.87,63.4616,5.4
"1989-12-01",1989-12-01,810.6,3152.5,53.2873169435104,7.63,8.45,7.84,63.8467,5.4
"1990-01-01",1990-01-01,800.7,3166.8,53.7936097410734,7.64,8.23,8.21,63.4228,5.4
"1990-02-01",1990-02-01,786.7,3179.2,54.0045650733914,7.74,8.24,8.47,64.0446,5.3
"1990-03-01",1990-03-01,794.5,3190.1,54.2577114721729,7.9,8.28,8.59,64.358,5.2
"1990-04-01",1990-04-01,816.2,3201.6,54.3842846715636,7.77,8.26,8.79,64.2602,5.4
"1990-05-01",1990-05-01,795.5,3200.6,54.4686668044908,7.74,8.18,8.76,64.3973,5.4
"1990-06-01",1990-06-01,809,3213.7,54.8061953361995,7.73,8.29,8.48,64.6041,5.2
"1990-07-01",1990-07-01,811,3224.5,55.059341734981,7.62,8.15,8.47,64.5205,5.5
"1990-08-01",1990-08-01,812.7,3242,55.5234434660805,7.45,8.13,8.75,64.7326,5.7
"1990-09-01",1990-09-01,817.1,3254.6,55.9031630642528,7.36,8.2,8.89,64.8145,5.9
"1990-10-01",1990-10-01,816.1,3259.3,56.282882662425,7.17,8.11,8.72,64.3274,5.9
"1990-11-01",1990-11-01,824.6,3262.6,56.4094558618158,7.06,7.81,8.39,63.5753,6.2
"1990-12-01",1990-12-01,842.7,3271.8,56.6204111941337,6.74,7.31,8.08,63.1594,6.3
"1991-01-01",1991-01-01,831.7,3287.7,56.8313665264517,6.22,6.91,8.09,62.8852,6.4
"1991-02-01",1991-02-01,822.1,3304.5,56.8735575929153,5.94,6.25,7.85,62.4462,6.6
"1991-03-01",1991-03-01,833.7,3321.9,56.8735575929153,5.91,6.12,8.11,62.119,6.8
"1991-04-01",1991-04-01,851.9,3332.4,57.000130792306,5.65,5.91,8.04,62.2415,6.7
"1991-05-01",1991-05-01,840.3,3343,57.211086124624,5.46,5.78,8.07,62.8646,6.9
"1991-06-01",1991-06-01,856.7,3351.9,57.3798503904783,5.57,5.9,8.28,63.4372,6.9
"1991-07-01",1991-07-01,860.9,3356.1,57.4642325234055,5.58,5.82,8.27,63.5128,6.8
"1991-08-01",1991-08-01,863.2,3355,57.6329967892598,5.33,5.66,7.9,63.5671,6.9
"1991-09-01",1991-09-01,865.4,3354.9,57.8017610551142,5.22,5.45,7.65,64.133,6.9
"1991-10-01",1991-10-01,874,3360.1,57.8861431880414,4.99,5.21,7.53,64.0213,7
"1991-11-01",1991-11-01,892.3,3365.5,58.1392895868229,4.56,4.81,7.42,63.948,7
"1991-12-01",1991-12-01,915.6,3372.2,58.3080538526772,4.07,4.43,7.09,63.6937,7.3
"1992-01-01",1992-01-01,916.4,3381.2,58.3502449191408,3.8,4.03,7.03,63.3374,7.3
"1992-02-01",1992-02-01,915.1,3400,58.4768181185316,3.84,4.06,7.34,63.7911,7.4
"1992-03-01",1992-03-01,929.6,3403.9,58.6877734508495,4.04,3.98,7.54,64.3212,7.4
"1992-04-01",1992-04-01,953.7,3399.7,58.8143466502403,3.75,3.73,7.48,64.8088,7.4
"1992-05-01",1992-05-01,942.9,3398.6,58.940919849631,3.63,3.82,7.39,65.0202,7.6
"1992-06-01",1992-06-01,951,3393.4,59.1096841154854,3.66,3.76,7.26,65.0295,7.8
"1992-07-01",1992-07-01,962,3393.9,59.2784483813397,3.21,3.25,6.84,65.6172,7.7
"1992-08-01",1992-08-01,970.1,3398.8,59.4050215807305,3.13,3.3,6.59,65.2943,7.6
"1992-09-01",1992-09-01,982.7,3410.3,59.5315947801212,2.91,3.22,6.42,65.446,7.6
"1992-10-01",1992-10-01,1000.8,3423.8,59.7847411789028,2.86,3.1,6.59,65.9369,7.3
"1992-11-01",1992-11-01,1021.4,3426.5,59.9535054447571,3.13,3.09,6.87,66.2174,7.4
"1992-12-01",1992-12-01,1045.6,3424.7,60.0378875776843,3.22,2.92,6.77,66.2772,7.4
"1993-01-01",1993-01-01,1039.8,3419.1,60.2488429100022,3,3.02,6.6,66.5643,7.3
"1993-02-01",1993-02-01,1021.9,3414.5,60.375416109393,2.93,3.03,6.26,66.8594,7.1
"1993-03-01",1993-03-01,1030.5,3411.7,60.4597982423202,2.95,3.07,5.98,66.7658,7
"1993-04-01",1993-04-01,1057.4,3411.3,60.6707535746381,2.87,2.96,5.97,67,7.1
"1993-05-01",1993-05-01,1056.8,3436.9,60.8395178404924,2.96,3,6.04,66.7674,7.1
"1993-06-01",1993-06-01,1071.8,3442.4,60.881708906956,3.07,3.04,5.96,66.8781,7
"1993-07-01",1993-07-01,1083.1,3442,60.9660910398832,3.04,3.06,5.81,67.0845,6.9
"1993-08-01",1993-08-01,1088.1,3445.7,61.092664239274,3.02,3.03,5.68,67.014,6.8
"1993-09-01",1993-09-01,1098.8,3452.2,61.1770463722011,2.95,3.09,5.36,67.3345,6.7
"1993-10-01",1993-10-01,1111.6,3456.7,61.4301927709827,3.02,2.99,5.33,67.8515,6.8
"1993-11-01",1993-11-01,1129,3470.1,61.598957036837,3.1,3.02,5.72,68.1326,6.6
"1993-12-01",1993-12-01,1153.3,3474.5,61.7255302362278,3.06,2.96,5.77,68.5054,6.5
"1994-01-01",1994-01-01,1141.7,3474.9,61.7255302362278,2.98,3.05,5.75,68.7648,6.6
"1994-02-01",1994-02-01,1123.8,3475.7,61.8942945020821,3.25,3.25,5.97,68.7836,6.6
"1994-03-01",1994-03-01,1131.1,3480.1,62.0630587679365,3.5,3.34,6.48,69.4766,6.5
"1994-04-01",1994-04-01,1152.2,3481.3,62.1052498344,3.68,3.56,6.97,69.8703,6.4
"1994-05-01",1994-05-01,1132,3490.8,62.2318230337908,4.14,4.01,7.18,70.2281,6.1
"1994-06-01",1994-06-01,1141.8,3479.5,62.4005872996452,4.14,4.25,7.1,70.6763,6.1
"1994-07-01",1994-07-01,1150.9,3488.2,62.6115426319631,4.33,4.26,7.3,70.7846,6.1
"1994-08-01",1994-08-01,1144.1,3485.7,62.8646890307446,4.48,4.47,7.24,71.2053,6
"1994-09-01",1994-09-01,1146.4,3486.1,62.9912622301354,4.62,4.73,7.46,71.4767,5.9
"1994-10-01",1994-10-01,1147.9,3484.3,63.033453296599,4.95,4.76,7.74,72.082,5.8
"1994-11-01",1994-11-01,1156.2,3487.2,63.2022175624533,5.29,5.29,7.96,72.5263,5.6
"1994-12-01",1994-12-01,1174.5,3486.4,63.3287907618441,5.6,5.45,7.81,73.2879,5.5
"1995-01-01",1995-01-01,1159.5,3492.4,63.4975550276984,5.71,5.53,7.78,73.4219,5.6
"1995-02-01",1995-02-01,1135.3,3489.9,63.6663192935528,5.77,5.92,7.47,73.3025,5.4
"1995-03-01",1995-03-01,1139.3,3491.1,63.7928924929435,5.73,5.98,7.2,73.4081,5.4
"1995-04-01",1995-04-01,1160.3,3499.2,64.0460388917251,5.65,6.05,7.06,73.3612,5.8
"1995-05-01",1995-05-01,1134,3524.2,64.1726120911158,5.67,6.01,6.63,73.6104,5.6
"1995-06-01",1995-06-01,1141,3548.9,64.2991852905066,5.47,6,6.17,73.8602,5.6
"1995-07-01",1995-07-01,1145.7,3567.4,64.3835674234337,5.42,5.85,6.28,73.5664,5.7
"1995-08-01",1995-08-01,1139.3,3589,64.5101406228245,5.4,5.74,6.49,74.495,5.7
"1995-09-01",1995-09-01,1138.4,3602.1,64.5945227557517,5.28,5.8,6.2,74.7937,5.6
"1995-10-01",1995-10-01,1132.9,3613.4,64.763287021606,5.28,5.76,6.04,74.7017,5.5
"1995-11-01",1995-11-01,1138.6,3619.9,64.8476691545332,5.36,5.8,5.93,74.8897,5.6
"1995-12-01",1995-12-01,1152.7,3629.5,64.9320512874604,5.14,5.6,5.71,75.1755,5.6
"1996-01-01",1996-01-01,1130.2,3647.9,65.2695798191691,5,5.56,5.65,74.6841,5.6
"1996-02-01",1996-02-01,1105.8,3661.8,65.3961530185598,4.83,5.22,5.81,75.8344,5.5
"1996-03-01",1996-03-01,1118,3687,65.6071083508778,4.96,5.31,6.27,75.7631,5.5
"1996-04-01",1996-04-01,1131.8,3697.8,65.8602547496593,4.95,5.22,6.51,76.4562,5.6
"1996-05-01",1996-05-01,1105.9,3709.6,65.9868279490501,5.02,5.24,6.74,77.0161,5.6
"1996-06-01",1996-06-01,1115,3722.5,66.1134011484408,5.09,5.27,6.91,77.6669,5.3
"1996-07-01",1996-07-01,1110.7,3737.2,66.2399743478316,5.15,5.4,6.87,77.5662,5.5
"1996-08-01",1996-08-01,1097.7,3744.1,66.3243564807588,5.05,5.22,6.64,78.016,5.1
"1996-09-01",1996-09-01,1091.7,3753.5,66.5353118130767,5.09,5.3,6.83,78.5532,5.2
"1996-10-01",1996-10-01,1078.4,3770.9,66.7462671453946,4.99,5.24,6.53,78.5065,5.2
"1996-11-01",1996-11-01,1087.4,3790,66.9572224777126,5.03,5.31,6.2,79.1996,5.4
"1996-12-01",1996-12-01,1105.8,3810.4,67.1259867435669,4.91,5.29,6.3,79.7143,5.4
"1997-01-01",1997-01-01,1087.9,3824.6,67.2525599429576,5.03,5.25,6.58,79.8273,5.3
"1997-02-01",1997-02-01,1066.8,3836.3,67.3791331423484,5.01,5.19,6.42,80.793,5.2
"1997-03-01",1997-03-01,1069.2,3851.2,67.421324208812,5.14,5.39,6.69,81.334,5.2
"1997-04-01",1997-04-01,1074.5,3867.2,67.4635152752756,5.16,5.51,6.89,81.3531,5.1
"1997-05-01",1997-05-01,1054.7,3879.1,67.4635152752756,5.05,5.5,6.71,81.8293,4.9
"1997-06-01",1997-06-01,1064.8,3895.8,67.5900884746664,4.93,5.56,6.49,82.2285,5
"1997-07-01",1997-07-01,1065.8,3913.8,67.6744706075935,5.05,5.52,6.22,82.8557,4.9
"1997-08-01",1997-08-01,1069.1,3947.3,67.8432348734479,5.14,5.54,6.3,83.7214,4.8
"1997-09-01",1997-09-01,1059.5,3963,68.0119991393022,4.95,5.54,6.21,84.4651,4.9
"1997-10-01",1997-10-01,1057.6,3982.1,68.138572338693,4.97,5.5,6.03,85.1918,4.7
"1997-11-01",1997-11-01,1074.1,4004.6,68.2229544716202,5.14,5.52,5.88,85.9397,4.6
"1997-12-01",1997-12-01,1097.5,4022.8,68.2651455380838,5.16,5.5,5.81,86.2047,4.7
"1998-01-01",1998-01-01,1080.2,4046.1,68.3495276710109,5.04,5.56,5.54,86.6474,4.6
"1998-02-01",1998-02-01,1066.2,4078.8,68.3495276710109,5.09,5.51,5.57,86.7612,4.6
"1998-03-01",1998-03-01,1075.9,4104.3,68.3495276710109,5.03,5.49,5.65,86.8198,4.7
"1998-04-01",1998-04-01,1087.7,4130.1,68.4339098039381,4.95,5.45,5.64,87.1411,4.3
"1998-05-01",1998-05-01,1070.8,4154,68.6026740697924,5,5.49,5.65,87.6952,4.4
"1998-06-01",1998-06-01,1075.2,4173.8,68.6870562027196,4.98,5.56,5.5,87.145,4.5
"1998-07-01",1998-07-01,1074.2,4193.5,68.855820468574,4.96,5.54,5.46,86.8423,4.5
"1998-08-01",1998-08-01,1069.3,4218.5,68.9402026015012,4.9,5.55,5.34,88.6247,4.5
"1998-09-01",1998-09-01,1070.6,4257.4,68.9823936679647,4.61,5.51,4.81,88.4515,4.6
"1998-10-01",1998-10-01,1077.4,4297.5,69.1511579338191,3.96,5.07,4.53,89.1677,4.5
"1998-11-01",1998-11-01,1098,4336.1,69.2355400667462,4.41,4.83,4.83,89.1098,4.4
"1998-12-01",1998-12-01,1121.2,4365,69.362113266137,4.39,4.68,4.65,89.4407,4.4
"1999-01-01",1999-01-01,1103.9,4392.4,69.4886864655278,4.34,4.63,4.72,89.8594,4.3
"1999-02-01",1999-02-01,1085.2,4415.2,69.4886864655278,4.44,4.76,5,90.3386,4.4
"1999-03-01",1999-03-01,1097.5,4422,69.5308775319914,4.44,4.81,5.23,90.4819,4.2
"1999-04-01",1999-04-01,1113.6,4450.6,69.9949792630908,4.29,4.74,5.18,90.7274,4.3
"1999-05-01",1999-05-01,1096.4,4474.9,70.0371703295544,4.5,4.74,5.54,91.352,4.2
"1999-06-01",1999-06-01,1098.2,4496.7,70.0371703295544,4.57,4.76,5.9,91.1994,4.3
"1999-07-01",1999-07-01,1097.2,4523.9,70.3325077947995,4.55,4.99,5.79,91.7766,4.3
"1999-08-01",1999-08-01,1092.8,4541.2,70.5012720606539,4.72,5.07,5.94,92.1629,4.2
"1999-09-01",1999-09-01,1086.2,4557.2,70.796609525899,4.68,5.22,5.92,91.774,4.2
"1999-10-01",1999-10-01,1095.1,4580.9,70.9231827252897,4.86,5.2,6.11,92.9979,4.1
"1999-11-01",1999-11-01,1113,4599.9,71.0497559246805,5.07,5.42,6.03,93.4371,4.1
"1999-12-01",1999-12-01,1148.2,4627.4,71.2185201905348,5.2,5.3,6.28,94.1593,4
"2000-01-01",2000-01-01,1126.9,4655.7,71.4294755228528,5.32,5.45,6.66,94.1758,4
"2000-02-01",2000-02-01,1097.4,4669,71.7248129880979,5.55,5.73,6.52,94.4557,4.1
"2000-03-01",2000-03-01,1108.9,4699.8,72.1467236527338,5.69,5.85,6.26,94.798,4
"2000-04-01",2000-04-01,1125.7,4755.6,72.1045325862702,5.66,6.02,5.99,95.4808,3.8
"2000-05-01",2000-05-01,1100.4,4743.1,72.2311057856609,5.79,6.27,6.44,95.6435,4
"2000-06-01",2000-06-01,1101.8,4760.9,72.6530164502968,5.69,6.53,6.1,95.7353,4
"2000-07-01",2000-07-01,1102.8,4778.4,72.8639717826147,5.96,6.54,6.05,95.5906,4
"2000-08-01",2000-08-01,1094.5,4806.6,72.8639717826147,6.09,6.5,5.83,95.3112,4.1
"2000-09-01",2000-09-01,1088.8,4842.2,73.243691380787,6,6.52,5.8,95.679,3.9
"2000-10-01",2000-10-01,1092.2,4858.2,73.3702645801778,6.11,6.51,5.74,95.397,3.9
"2000-11-01",2000-11-01,1092.1,4869,73.4968377795686,6.17,6.51,5.72,95.4229,3.9
"2000-12-01",2000-12-01,1111.7,4913.7,73.6656020454229,5.77,6.4,5.24,95.1573,3.9
"2001-01-01",2001-01-01,1100.4,4964.3,74.0875127100588,5.15,5.98,5.16,94.5448,4.2
"2001-02-01",2001-02-01,1089.8,5002.6,74.2562769759131,4.88,5.49,5.1,93.9398,4.2
"2001-03-01",2001-03-01,1111.2,5060.4,74.2984680423767,4.42,5.31,4.89,93.7201,4.3
"2001-04-01",2001-04-01,1126.7,5124.4,74.4250412417674,3.87,4.8,5.14,93.4469,4.4
"2001-05-01",2001-05-01,1114.7,5121.1,74.8047608399398,3.62,4.21,5.39,92.876,4.3
"2001-06-01",2001-06-01,1126.3,5161.3,74.9735251057941,3.49,3.97,5.28,92.3208,4.5
"2001-07-01",2001-07-01,1139.7,5191.3,74.8469519064033,3.51,3.77,5.24,91.7933,4.6
"2001-08-01",2001-08-01,1144.5,5225.2,74.8469519064033,3.36,3.65,4.97,91.6795,4.9
"2001-09-01",2001-09-01,1193.6,5336.3,75.1422893716484,2.64,3.07,4.73,91.3289,5
"2001-10-01",2001-10-01,1159.2,5324.9,74.9313340393305,2.16,2.49,4.57,90.9315,5.3
"2001-11-01",2001-11-01,1169,5368.5,74.8891429728669,1.87,2.09,4.65,90.486,5.5
"2001-12-01",2001-12-01,1208.5,5421.6,74.8469519064033,1.69,1.82,5.09,90.5073,5.7
"2002-01-01",2002-01-01,1191.8,5442,74.9735251057941,1.65,1.73,5.04,91.0794,5.7
"2002-02-01",2002-02-01,1178.3,5471.4,75.1000983051848,1.72,1.74,4.91,91.0553,5.7
"2002-03-01",2002-03-01,1196.8,5483.4,75.3110536375028,1.79,1.73,5.28,91.798,5.7
"2002-04-01",2002-04-01,1196.9,5483.5,75.6485821692115,1.71,1.75,5.21,92.1771,5.9
"2002-05-01",2002-05-01,1186,5509.4,75.7329643021386,1.73,1.75,5.16,92.5668,5.8
"2002-06-01",2002-06-01,1194.7,5534.3,75.7751553686022,1.7,1.75,4.93,93.4476,5.8
"2002-07-01",2002-07-01,1200.4,5576.9,75.9439196344566,1.68,1.73,4.65,93.2237,5.8
"2002-08-01",2002-08-01,1182.3,5619.4,76.1548749667745,1.62,1.74,4.26,93.2359,5.7
"2002-09-01",2002-09-01,1185.8,5643.7,76.2814481661653,1.63,1.75,3.87,93.3654,5.7
"2002-10-01",2002-10-01,1196.6,5688.3,76.4502124320196,1.58,1.75,3.94,93.0834,5.7
"2002-11-01",2002-11-01,1205.3,5738.4,76.5767856314104,1.23,1.34,4.05,93.5693,5.9
"2002-12-01",2002-12-01,1245.5,5759.7,76.7033588308012,1.19,1.24,4.03,93.1103,6
"2003-01-01",2003-01-01,1225.5,5792.3,77.0408873625098,1.17,1.24,4.05,93.8198,5.8
"2003-02-01",2003-02-01,1225.5,5828.5,77.4627980271457,1.17,1.26,3.9,93.9532,5.9
"2003-03-01",2003-03-01,1245.1,5849.3,77.5893712265365,1.13,1.25,3.81,93.7358,5.9
"2003-04-01",2003-04-01,1259.6,5886.5,77.2940337612914,1.13,1.26,3.96,93.0657,6
"2003-05-01",2003-05-01,1266.6,5946.6,77.1674605619006,1.07,1.26,3.57,93.0918,6.1
"2003-06-01",2003-06-01,1284.7,5983.3,77.2518426948278,0.92,1.22,3.33,93.2476,6.3
"2003-07-01",2003-07-01,1287.9,6030,77.5049890936093,0.9,1.01,3.98,93.6582,6.2
"2003-08-01",2003-08-01,1292.2,6088.2,77.842517625318,0.95,1.03,4.45,93.5246,6.1
"2003-09-01",2003-09-01,1286.2,6060.1,78.0956640240995,0.94,1.01,4.27,94.0751,6.1
"2003-10-01",2003-10-01,1288.8,6050.9,78.0112818911724,0.92,1.01,4.29,94.2079,6
"2003-11-01",2003-11-01,1293.9,6056.1,78.0534729576359,0.93,1,4.3,94.9338,5.8
"2003-12-01",2003-12-01,1332.5,6054.2,78.2644282899539,0.9,0.98,4.27,94.8662,5.7
"2004-01-01",2004-01-01,1301.8,6062.7,78.6019568216626,0.88,1,4.15,95.1085,5.7
"2004-02-01",2004-02-01,1306.7,6101.6,78.7707210875169,0.93,1.01,4.08,95.6847,5.6
"2004-03-01",2004-03-01,1337.9,6137.4,78.9394853533713,0.94,1,3.83,95.2088,5.8
"2004-04-01",2004-04-01,1343.2,6178.4,79.066058552762,0.94,1,4.35,95.6385,5.6
"2004-05-01",2004-05-01,1333.4,6255,79.4035870844707,1.02,1,4.72,96.3966,5.6
"2004-06-01",2004-06-01,1347.7,6257.3,79.6989245497158,1.27,1.03,4.73,95.6019,5.6
"2004-07-01",2004-07-01,1338.8,6271,79.783306682643,1.33,1.26,4.5,96.3385,5.5
"2004-08-01",2004-08-01,1352.6,6297.1,79.8254977491066,1.48,1.43,4.28,96.4095,5.4
"2004-09-01",2004-09-01,1349.1,6331.7,80.0786441478881,1.65,1.61,4.13,96.4907,5.4
"2004-10-01",2004-10-01,1351.4,6359.9,80.500554812524,1.76,1.76,4.1,97.4094,5.5
"2004-11-01",2004-11-01,1371,6386.4,80.8802744106963,2.07,1.93,4.19,97.6137,5.4
"2004-12-01",2004-12-01,1401.5,6405,80.8802744106963,2.19,2.16,4.23,98.3318,5.4
"2005-01-01",2005-01-01,1361.5,6411.2,80.8380833442327,2.33,2.28,4.22,98.7845,5.3
"2005-02-01",2005-02-01,1355,6419.6,81.1756118759414,2.54,2.5,4.17,99.4639,5.4
"2005-03-01",2005-03-01,1381.7,6428.6,81.4709493411865,2.74,2.63,4.5,99.3061,5.2
"2005-04-01",2005-04-01,1369.4,6442.6,81.724095739968,2.78,2.79,4.34,99.4734,5.2
"2005-05-01",2005-05-01,1369.5,6459.9,81.6819046735044,2.84,3,4.14,99.6033,5.1
"2005-06-01",2005-06-01,1384.3,6492.3,81.724095739968,2.97,3.04,4,99.9853,5
"2005-07-01",2005-07-01,1365.4,6523.9,82.2303885375311,3.22,3.26,4.18,99.6692,5
"2005-08-01",2005-08-01,1376.9,6556.6,82.7366813350941,3.44,3.5,4.26,99.9435,4.9
"2005-09-01",2005-09-01,1363.5,6590.7,83.875840129611,3.42,3.62,4.2,98.0779,5
"2005-10-01",2005-10-01,1365.4,6624.7,84.0024133290017,3.71,3.78,4.46,99.3149,5
"2005-11-01",2005-11-01,1373.6,6641.2,83.5805026643658,3.88,4,4.54,100.3216,5
"2005-12-01",2005-12-01,1397.2,6668,83.5805026643658,3.89,4.16,4.47,100.9437,4.9
"2006-01-01",2006-01-01,1375.5,6710.5,84.0867954619289,4.24,4.29,4.42,101.0627,4.7
"2006-02-01",2006-02-01,1362,6734.8,84.1289865283925,4.43,4.49,4.57,101.0669,4.8
"2006-03-01",2006-03-01,1394.7,6749.3,84.2555597277832,4.51,4.59,4.72,101.2751,4.7
"2006-04-01",2006-04-01,1393.6,6786.4,84.6774703924191,4.6,4.79,4.99,101.6813,4.7
"2006-05-01",2006-05-01,1392.1,6793,84.9306167912006,4.72,4.94,5.11,101.579,4.6
"2006-06-01",2006-06-01,1379,6831,85.1415721235186,4.79,4.99,5.11,101.9693,4.6
"2006-07-01",2006-07-01,1368.6,6872.5,85.605673854618,4.95,5.24,5.09,101.9319,4.7
"2006-08-01",2006-08-01,1370.6,6903.3,85.9853934527903,4.96,5.25,4.88,102.3327,4.7
"2006-09-01",2006-09-01,1347.4,6930.5,85.5634827881544,4.81,5.25,4.72,102.1252,4.5
"2006-10-01",2006-10-01,1360.3,6979.5,85.1837631899821,4.92,5.25,4.73,102.0668,4.4
"2006-11-01",2006-11-01,1368.5,7014.3,85.2259542564457,4.94,5.25,4.6,101.9688,4.5
"2006-12-01",2006-12-01,1387.7,7057.5,85.6900559875452,4.85,5.24,4.56,103.0292,4.4
"2007-01-01",2007-01-01,1369,7095.5,85.8322398815275,4.98,5.25,4.76,102.4933,4.6
"2007-02-01",2007-02-01,1347.5,7111.3,86.1651273959252,5.03,5.26,4.72,103.5264,4.5
"2007-03-01",2007-03-01,1378.4,7145.1,86.6131965217684,4.94,5.26,4.56,103.7521,4.4
"2007-04-01",2007-04-01,1392.3,7217.4,86.8730934911842,4.87,5.25,4.69,104.4814,4.5
"2007-05-01",2007-05-01,1385.6,7231,87.2321394667893,4.73,5.25,4.75,104.5322,4.4
"2007-06-01",2007-06-01,1370.8,7264.2,87.4342346751499,4.61,5.25,5.1,104.5617,4.6
"2007-07-01",2007-07-01,1368.6,7294.5,87.5899197104005,4.82,5.26,5,104.5227,4.7
"2007-08-01",2007-08-01,1372.8,7370.9,87.6169219929372,4.2,5.02,4.67,104.7556,4.6
"2007-09-01",2007-09-01,1356.3,7389.2,87.9882033778168,3.89,4.94,4.52,105.1611,4.7
"2007-10-01",2007-10-01,1369.4,7402.8,88.2594919351776,3.9,4.76,4.53,104.7171,4.7
"2007-11-01",2007-11-01,1370.5,7427.8,88.953113067839,3.27,4.49,4.15,105.3338,4.7
"2007-12-01",2007-12-01,1394.9,7458,89.2109004839315,3,4.24,4.1,105.3457,5
"2008-01-01",2008-01-01,1375.9,7491.8,89.5184733584511,2.75,3.94,3.74,105.0619,5
"2008-02-01",2008-02-01,1365.9,7576.5,89.7349135294093,2.12,2.98,3.74,104.7094,4.9
"2008-03-01",2008-03-01,1401.1,7642.5,90.0559875451972,1.26,2.61,3.51,104.4616,5.1
"2008-04-01",2008-04-01,1406.6,7685.2,90.2644114135273,1.29,2.28,3.68,103.6704,5
"2008-05-01",2008-05-01,1396.5,7697.1,90.7985503149563,1.73,1.98,3.88,103.0863,5.4
"2008-06-01",2008-06-01,1407.3,7714.6,91.7499588637102,1.86,2,4.1,102.8445,5.6
"2008-07-01",2008-07-01,1417.7,7761,92.4051861258897,1.63,2.01,4.01,102.3002,5.8
"2008-08-01",2008-08-01,1401.3,7776,92.2676432492184,1.72,2,3.89,100.7353,6.1
"2008-09-01",2008-09-01,1441.5,7845.9,92.3465405435053,1.13,1.81,3.69,96.3666,6.1
"2008-10-01",2008-10-01,1462.6,7954,91.5525046726606,0.67,0.97,3.81,97.2832,6.5
"2008-11-01",2008-11-01,1513.7,8004.6,89.9315238991296,0.19,0.39,3.53,96.0605,6.8
"2008-12-01",2008-12-01,1632.3,8181,89.1910706826936,0.03,0.16,2.42,93.2521,7.3
"2009-01-01",2009-01-01,1580.7,8262.4,89.4167928882738,0.13,0.15,2.52,91.0373,7.8
"2009-02-01",2009-02-01,1552,8291.6,89.7425079213727,0.3,0.22,2.87,90.4502,8.3
"2009-03-01",2009-03-01,1594.9,8357.6,89.6539066817992,0.21,0.18,2.82,89.016,8.7
"2009-04-01",2009-04-01,1627.7,8360.7,89.7441955640313,0.16,0.15,2.93,88.3056,9
"2009-05-01",2009-05-01,1617.9,8418.2,89.8762536020623,0.18,0.18,3.29,87.4155,9.4
"2009-06-01",2009-06-01,1661.7,8427.8,90.6221916571385,0.18,0.21,3.72,87.0742,9.5
"2009-07-01",2009-07-01,1657.7,8432.5,90.5951893746018,0.18,0.16,3.56,88.0323,9.5
"2009-08-01",2009-08-01,1651.3,8432.2,90.898543142475,0.17,0.16,3.59,89.019,9.6
"2009-09-01",2009-09-01,1641,8431.5,91.0740579789635,0.12,0.15,3.4,89.6926,9.8
"2009-10-01",2009-10-01,1664.3,8458.3,91.3474560896476,0.07,0.12,3.39,89.9797,10
"2009-11-01",2009-11-01,1683.1,8488.4,91.6533413215086,0.05,0.12,3.4,90.3375,9.9
"2009-12-01",2009-12-01,1724.4,8483.4,91.7010172266124,0.05,0.12,3.59,90.6132,9.9
"2010-01-01",2010-01-01,1674.2,8445.7,91.7605066303261,0.06,0.11,3.73,91.6642,9.8
"2010-02-01",2010-02-01,1685.2,8495.3,91.6731711227465,0.11,0.13,3.69,91.994,9.8
"2010-03-01",2010-03-01,1729.5,8492.4,91.7035486906002,0.15,0.16,3.73,92.5993,9.9
"2010-04-01",2010-04-01,1716,8522.8,91.724644223832,0.16,0.2,3.85,92.9436,9.9
"2010-05-01",2010-05-01,1708.2,8577.5,91.6769683187282,0.16,0.2,3.42,94.2997,9.6
"2010-06-01",2010-06-01,1732.3,8596.6,91.6385744482463,0.12,0.18,3.2,94.4397,9.4
"2010-07-01",2010-07-01,1718.4,8606.2,91.8098701780885,0.16,0.18,3.01,94.8536,9.4
"2010-08-01",2010-08-01,1739.6,8656.5,91.9440377694427,0.16,0.19,2.7,95.1448,9.5
"2010-09-01",2010-09-01,1741.4,8687.7,92.0925503233945,0.15,0.19,2.65,95.3637,9.5
"2010-10-01",2010-10-01,1767.4,8736.7,92.4132024285178,0.13,0.19,2.54,95.1109,9.4
"2010-11-01",2010-11-01,1828.7,8757.4,92.6473628473907,0.14,0.19,2.76,95.1383,9.8
"2010-12-01",2010-12-01,1871.4,8789.3,93.0194880535995,0.14,0.18,3.29,96.0599,9.3
"2011-01-01",2011-01-01,1855.6,8825.9,93.3211541788142,0.15,0.17,3.39,95.9364,9.1
"2011-02-01",2011-02-01,1858.7,8871.4,93.6211326613703,0.13,0.16,3.58,95.5154,9
"2011-03-01",2011-03-01,1909.4,8915.7,94.1054861043722,0.1,0.14,3.41,96.4643,9
"2011-04-01",2011-04-01,1918,8977.9,94.547226570246,0.06,0.1,3.46,96.1187,9.1
"2011-05-01",2011-05-01,1934.2,9029.2,94.8480488741314,0.04,0.09,3.17,96.3377,9
"2011-06-01",2011-06-01,1954.1,9113.4,94.8480488741314,0.04,0.09,3,96.6154,9.1
"2011-07-01",2011-07-01,1994.5,9301.4,95.0965542556019,0.04,0.07,3,97.1292,9
"2011-08-01",2011-08-01,2101.9,9515.1,95.396532738158,0.02,0.1,2.3,97.6731,9
"2011-09-01",2011-09-01,2099.1,9539.7,95.6036908744942,0.01,0.08,1.98,97.6494,9
"2011-10-01",2011-10-01,2128.1,9571.3,95.6682432061835,0.02,0.07,2.15,98.3222,8.8
"2011-11-01",2011-11-01,2164.4,9612.3,95.8450237746659,0.01,0.08,2.01,98.2433,8.6
"2011-12-01",2011-12-01,2208.1,9651.1,95.8678069505563,0.01,0.07,1.98,98.7876,8.5
"2012-01-01",2012-01-01,2209.2,9730.3,96.1289696519659,0.03,0.08,1.97,99.3925,8.3
"2012-02-01",2012-02-01,2194.5,9773.1,96.3344401456436,0.09,0.1,1.97,99.6203,8.3
"2012-03-01",2012-03-01,2246,9817.8,96.5361134433395,0.08,0.13,2.17,99.1551,8.2
"2012-04-01",2012-04-01,2268.6,9872.1,96.6964394959011,0.08,0.14,2.05,99.9006,8.2
"2012-05-01",2012-05-01,2248.4,9903.8,96.4964538408637,0.09,0.16,1.8,100.0924,8.2
"2012-06-01",2012-06-01,2271,9973.6,96.4167127252475,0.09,0.16,1.62,100.0728,8.2
"2012-07-01",2012-07-01,2314.6,10046.8,96.4445588291135,0.1,0.16,1.53,100.3354,8.2
"2012-08-01",2012-08-01,2334.6,10117.9,97.00485619175,0.1,0.13,1.68,99.856,8.1
"2012-09-01",2012-09-01,2358,10200.2,97.4676921908555,0.11,0.14,1.72,99.9049,7.8
"2012-10-01",2012-10-01,2416.2,10261.3,97.7305425349236,0.1,0.16,1.75,100.1167,7.8
"2012-11-01",2012-11-01,2415.2,10319.9,97.5664192863803,0.09,0.16,1.65,100.5991,7.7
"2012-12-01",2012-12-01,2509.7,10445.7,97.5546057877705,0.07,0.16,1.72,100.9542,7.9
"2013-01-01",2013-01-01,2481.3,10471.2,97.7478408721737,0.07,0.14,1.91,100.8204,8
"2013-02-01",2013-02-01,2455.7,10468.2,98.2786044882856,0.1,0.15,1.98,101.3995,7.7
"2013-03-01",2013-03-01,2497.2,10539.7,98.0022530029491,0.09,0.14,1.96,101.8114,7.5
"2013-04-01",2013-04-01,2542.3,10575.1,97.7976263306007,0.06,0.15,1.76,101.6364,7.6
"2013-05-01",2013-05-01,2518.5,10611.3,97.8381297544058,0.04,0.11,1.93,101.7476,7.5
"2013-06-01",2013-06-01,2523.5,10665.9,98.0710244412848,0.05,0.09,2.3,101.9549,7.5
"2013-07-01",2013-07-01,2543.7,10721.9,98.2629937936941,0.04,0.09,2.58,101.5204,7.3
"2013-08-01",2013-08-01,2537.4,10780.4,98.4975761232316,0.04,0.08,2.74,102.1907,7.2
"2013-09-01",2013-09-01,2555.8,10832.6,98.5347042617196,0.02,0.08,2.81,102.717,7.2
"2013-10-01",2013-10-01,2618.4,10945.2,98.5874430947991,0.05,0.09,2.62,102.5371,7.2
"2013-11-01",2013-11-01,2607.2,10953,98.7692865912572,0.07,0.08,2.72,102.8379,6.9
"2013-12-01",2013-12-01,2715.7,11015,99.0304492926668,0.07,0.09,2.9,103.1504,6.7
"2014-01-01",2014-01-01,2701.7,11065.6,99.2705164608446,0.04,0.07,2.86,102.7216,6.6
"2014-02-01",2014-02-01,2706.2,11148.7,99.3797913229852,0.05,0.07,2.71,103.5917,6.7
"2014-03-01",2014-03-01,2773.3,11190.3,99.5827303526751,0.05,0.08,2.72,104.5889,6.7
"2014-04-01",2014-04-01,2809.6,11246.5,99.7683710451149,0.03,0.09,2.71,104.6371,6.2
"2014-05-01",2014-05-01,2782.2,11314.8,99.958230844201,0.03,0.09,2.56,105.0152,6.3
"2014-06-01",2014-06-01,2824.8,11367.1,100.090288882232,0.04,0.1,2.6,105.4081,6.1
"2014-07-01",2014-07-01,2841.2,11428.4,100.20293902969,0.03,0.09,2.54,105.6157,6.2
"2014-08-01",2014-08-01,2790.2,11457.6,100.186906424434,0.03,0.09,2.42,105.4986,6.1
"2014-09-01",2014-09-01,2834.6,11492,100.194078905732,0.02,0.09,2.53,105.8138,5.9
"2014-10-01",2014-10-01,2865,11551.4,100.174249104495,0.02,0.09,2.3,105.8357,5.7
"2014-11-01",2014-11-01,2861.1,11590.6,99.9856550374024,0.02,0.09,2.33,106.6634,5.8
"2014-12-01",2014-12-01,2992,11668,99.6772383415536,0.03,0.12,2.21,106.5085,5.6
"2015-01-01",2015-01-01,2941.1,11732.1,99.0300273820021,0.03,0.11,1.88,105.9806,5.7
"2015-02-01",2015-02-01,2979.6,11852.5,99.2485771062835,0.02,0.11,1.98,105.4425,5.5
"2015-03-01",2015-03-01,3023.9,11869.4,99.5730264073885,0.03,0.11,2.04,105.1464,5.4
"2015-04-01",2015-04-01,3035.4,11916.6,99.6367349177485,0.02,0.12,1.94,104.5272,5.4
"2015-05-01",2015-05-01,2975.9,11949.3,99.9818578414206,0.02,0.12,2.2,104.0742,5.6
"2015-06-01",2015-06-01,3020.7,11994.6,100.281414413312,0.02,0.13,2.36,103.7174,5.3
"2015-07-01",2015-07-01,3038.4,12046.6,100.437099448563,0.03,0.13,2.32,104.3243,5.2
"2015-08-01",2015-08-01,3022.3,12097.6,100.426551681947,0.07,0.14,2.17,104.1621,5.1
"2015-09-01",2015-09-01,3016.3,12153.1,100.206314315007,0.02,0.14,2.17,103.7768,5
"2015-10-01",2015-10-01,3011.9,12185,100.322339747782,0.02,0.12,2.07,103.3976,5
"2015-11-01",2015-11-01,3056.2,12274.2,100.421488753971,0.12,0.12,2.26,102.6866,5.1
"2015-12-01",2015-12-01,3141.1,12330.1,100.337528531709,0.23,0.24,2.24,102.1014,5
"2016-01-01",2016-01-01,3094,12458,100.344279102343,0.26,0.34,2.09,102.9525,4.9
"2016-02-01",2016-02-01,3096.6,12534.3,100.190703620415,0.31,0.38,1.78,102.2225,4.9
"2016-03-01",2016-03-01,3179.8,12597.9,100.430770788593,0.29,0.36,1.89,101.4155,5
"2016-04-01",2016-04-01,3234.5,12687.2,100.763658302991,0.23,0.37,1.81,101.5167,5
"2016-05-01",2016-05-01,3234.8,12756,101.032415396364,0.27,0.37,1.81,101.4298,4.8
"2016-06-01",2016-06-01,3247,12823.6,101.329018593603,0.27,0.38,1.64,101.8747,4.9
"2016-07-01",2016-07-01,3244.7,12882.3,101.321846112304,0.3,0.39,1.5,102.1325,4.8
"2016-08-01",2016-08-01,3319,12969.7,101.51254973272,0.3,0.4,1.56,102.0407,4.9
"2016-09-01",2016-09-01,3296.4,13030.7,101.701987621141,0.29,0.4,1.63,102.0477,5
"2016-10-01",2016-10-01,3327.7,13099.3,101.972010446508,0.33,0.4,1.76,102.2485,4.9
"2016-11-01",2016-11-01,3328.6,13169.6,102.114616251155,0.45,0.41,2.14,102.0507,4.7
"2016-12-01",2016-12-01,3384.1,13198.9,102.428095874979,0.51,0.54,2.49,102.9281,4.7
"2017-01-01",2017-01-01,3388.7,13275.4,102.853381824932,0.51,0.65,2.43,103.0366,4.7
"2017-02-01",2017-02-01,3358.1,13341.1,102.929747655231,0.52,0.66,2.42,102.6479,4.6
"2017-03-01",2017-03-01,3477.3,13411.4,102.840302594329,0.74,0.79,2.48,103.343,4.4
"2017-04-01",2017-04-01,3489.1,13476.8,102.967719615049,0.8,0.9,2.3,104.2721,4.4
"2017-05-01",2017-05-01,3517.2,13530.5,102.930169565896,0.89,0.91,2.3,104.4129,4.4
"2017-06-01",2017-06-01,3527.8,13558.1,103.022989912116,0.98,1.04,2.19,104.5849,4.3
"2017-07-01",2017-07-01,3548.3,13618.2,103.11074733036,1.07,1.15,2.32,104.5427,4.3
"2017-08-01",2017-08-01,3588.6,13673.7,103.493420303185,1.01,1.16,2.21,104.0475,4.4
"2017-09-01",2017-09-01,3542.3,13716.4,103.966382158242,1.03,1.15,2.2,104.0502,4.2
"2017-10-01",2017-10-01,3601.7,13768.9,104.037685060565,1.07,1.15,2.36,105.6287,4.1
"2017-11-01",2017-11-01,3603.5,13793.9,104.352008505719,1.23,1.16,2.35,106.193,4.2
"2017-12-01",2017-12-01,3653,13835.6,104.592075673897,1.32,1.3,2.4,106.536,4.1
"2018-01-01",2018-01-01,3652.7,13858.3,105.006813857234,1.41,1.41,2.58,106.2655,4.1
"2018-02-01",2018-02-01,3566.9,13892.8,105.211440529582,1.57,1.42,2.86,106.6419,4.1
"2018-03-01",2018-03-01,3689.1,13952.6,105.26586700532,1.7,1.51,2.84,107.2519,4
"2018-04-01",2018-04-01,3698.9,13989.1,105.459102089723,1.76,1.69,2.87,108.2223,4
"2018-05-01",2018-05-01,3656.3,14054.9,105.750220448322,1.86,1.7,2.98,107.3639,3.8
"2018-06-01",2018-06-01,3654.8,14120,105.956112852665,1.9,1.82,2.91,108.1707,4
"2018-07-01",2018-07-01,3678,14153,106.151457490391,1.96,1.91,2.89,108.652,3.8
"2018-08-01",2018-08-01,3686.2,14197,106.270436297818,2.03,1.91,2.89,109.5246,3.8
"2018-09-01",2018-09-01,3671.6,14228.5,106.325706594886,2.13,1.95,3,109.6749,3.7
"2018-10-01",2018-10-01,3718.5,14235.4,106.65648455596,2.25,2.19,3.15,109.9165,3.8
"2018-11-01",2018-11-01,3676.6,14245.4,106.642139593362,2.33,2.2,3.12,110.5067,3.7
"2018-12-01",2018-12-01,3796.9,14351.7,106.626528898771,2.37,2.27,2.83,110.5516,3.9
"2019-01-01",2019-01-01,3745.5,14434.6,106.605433365539,2.37,2.4,2.71,110.1185,4
"2019-02-01",2019-02-01,3702.1,14464.4,106.791074057979,2.39,2.4,2.68,109.5631,3.8
"2019-03-01",2019-03-01,3754,14511.8,107.227751595877,2.4,2.41,2.57,109.6811,3.8
"2019-04-01",2019-04-01,3819.9,14558.3,107.569499234232,2.38,2.42,2.53,108.9888,3.6
"2019-05-01",2019-05-01,3787.8,14653.2,107.652615635165,2.35,2.39,2.4,109.2264,3.6
"2019-06-01",2019-06-01,3828.2,14780.7,107.715902234861,2.17,2.38,2.07,109.2774,3.7
"2019-07-01",2019-07-01,3860.8,14860.8,108.077057763789,2.1,2.4,2.06,109.0852,3.7
"2019-08-01",2019-08-01,3847.3,14933.7,108.135703346173,1.95,2.13,1.63,109.8543,3.7
"2019-09-01",2019-09-01,3874.7,15024.9,108.160174164722,1.89,2.04,1.7,109.48,3.5
"2019-10-01",2019-10-01,3922.2,15154.6,108.545378601535,1.65,1.83,1.71,109.0086,3.6
