Gilt Name,RedemptionDate,CleanPrice,DirtyPrice,Yield

1¼% Treasury Gilt 2018,2018-07-22,100.960000,100.966793,0.282710

1¼% Treasury Gilt 2027,2027-07-22,100.210000,100.216793,1.227607

1½% Treasury Gilt 2021,2021-01-22,103.960000,103.968152,0.358677

1½% Treasury Gilt 2026,2026-07-22,103.590000,103.598152,1.080090

1½% Treasury Gilt 2047,2047-07-22,92.870000,92.878152,1.809053

1¾% Treasury Gilt 2019,2019-07-22,102.970000,102.979511,0.256190

1¾% Treasury Gilt 2022,2022-09-07,106.020000,106.681005,0.556242

1¾% Treasury Gilt 2037,2037-09-07,99.230000,99.891005,1.795722

1¾% Treasury Gilt 2057,2057-07-22,101.700000,101.709511,1.691335

1¾% Treasury Principal Strip 07Sep2022,2022-09-07,97.210072,97.210072,0.553171

2% Index-linked Treasury Stock 2035,2035-01-26,265.610000,265.593101,-1.572092

2% Treasury Gilt 2020,2020-07-22,105.030000,105.040870,0.311144

2% Treasury Gilt 2025,2025-09-07,108.260000,109.015435,0.941231

2% Treasury Principal Strip 07Sep2025,2025-09-07,92.434576,92.434576,0.970908

2¼% Treasury Gilt 2023,2023-09-07,109.330000,110.179864,0.690910

2¼% Treasury Principal Strip 07Sep2023,2023-09-07,95.867912,95.867912,0.690456

2½% Index-linked Treasury Stock 2020,2020-04-16,369.250000,371.437630,-2.558940

2½% Index-linked Treasury Stock 2024,2024-07-17,366.250000,366.382289,-1.963803

2½% Treasury Gilt 2065,2065-07-22,127.980000,127.993587,1.653183

2¾% Treasury Gilt 2024,2024-09-07,113.380000,114.418723,0.812613

2¾% Treasury Principal Strip 07Sept 2024,2024-09-07,94.257204,94.257204,0.832119

3¼% Treasury Gilt 2044,2044-01-22,129.050000,129.067663,1.856833

3½% Treasury Gilt 2045,2045-01-22,135.400000,135.419022,1.851288

3½% Treasury Gilt 2068,2068-07-22,163.540000,163.559022,1.651618

3¾% Treasury Gilt 2019,2019-09-07,107.460000,108.876440,0.224473

3¾% Treasury Gilt 2020,2020-09-07,110.730000,112.146440,0.294948

3¾% Treasury Gilt 2021,2021-09-07,113.770000,115.186440,0.380124

3¾% Treasury Gilt 2052,2052-07-22,152.460000,152.480380,1.741635

3¾% Treasury Principal Strip 07Sep2019,2019-09-07,99.475105,99.475105,0.248131

3¾% Treasury Principal Strip 07Sep2020,2020-09-07,98.994852,98.994852,0.323818

3¾% Treasury Principal Strip 07Sep2021,2021-09-07,98.253796,98.253796,0.427800

4 1/8% Index-linked Treasury Stock 2030,2030-07-22,365.490000,365.535085,-1.668432

4% Treasury Gilt 2022,2022-03-07,116.280000,117.790870,0.438196

4% Treasury Gilt 2060,2060-01-22,170.860000,170.881739,1.666347

4% Treasury Principal Strip 07Mar2022,2022-03-07,97.774752,97.774752,0.487448

4¼%  Treasury Principal Strip 07Jun2032,2032-06-07,78.018743,78.018743,1.676081

4¼% Treasury Gilt 2027,2027-12-07,130.010000,130.555765,1.169005

4¼% Treasury Gilt 2039,2039-09-07,144.530000,146.135299,1.800618

4¼% Treasury Gilt 2040,2040-12-07,146.280000,146.825765,1.812073

4¼% Treasury Gilt 2046,2046-12-07,154.890000,155.435765,1.826798

4¼% Treasury Gilt 2049,2049-12-07,160.700000,161.245765,1.776260

4¼% Treasury Gilt 2055,2055-12-07,171.840000,172.385765,1.695478

4¼% Treasury Principal Strip 07Dec2027,2027-12-07,87.812297,87.812297,1.257056

4¼% Treasury Principal Strip 07Dec2040,2040-12-07,63.243223,63.243223,1.970064

4¼% Treasury Principal Strip 07Dec2046,2046-12-07,57.179389,57.179389,1.912204

4¼% Treasury Principal Strip 07Dec2049,2049-12-07,55.254703,55.254703,1.840944

4¼% Treasury Principal Strip 07Dec2055,2055-12-07,52.255214,52.255214,1.698608

4¼% Treasury Principal Strip 07Mar2036,2036-03-07,70.668999,70.668999,1.872951

4¼% Treasury Principal Strip 07Sep2039,2039-09-07,64.973030,64.973030,1.958686

4¼% Treasury Stock 2032,2032-06-07,135.820000,136.365765,1.544762

4¼% Treasury Stock 2036,2036-03-07,140.420000,142.025299,1.706978

4½% Treasury Gilt 2019,2019-03-07,106.890000,108.589728,0.241839

4½% Treasury Gilt 2034,2034-09-07,142.300000,143.999728,1.653172

4½% Treasury Gilt 2042,2042-12-07,154.260000,154.837869,1.820086

4½% Treasury Principal Strip 07Dec2042,2042-12-07,60.824867,60.824867,1.969191

4½% Treasury Principal Strip 07Mar2019,2019-03-07,99.640821,99.640821,0.221925

4½% Treasury Principal Strip 2034,2034-09-07,73.464969,73.464969,1.809070

4¾% Treasury Gilt 2030,2030-12-07,140.350000,140.959973,1.424960

4¾% Treasury Principal Strip 07Dec2030,2030-12-07,81.236963,81.236963,1.560094

4¾% Treasury Principal Strip 07Dec2038,2038-12-07,66.089054,66.089054,1.947353

4¾% Treasury Principal Strip 07Mar2020,2020-03-07,99.264914,99.264914,0.281556

4¾% Treasury Stock 2020,2020-03-07,111.810000,113.604158,0.230009

4¾% Treasury Stock 2038,2038-12-07,153.020000,153.629973,1.761912

5% Treasury Gilt 2018,2018-03-07,102.960000,104.848587,0.236565

5% Treasury Principal Strip 07Mar2018,2018-03-07,99.874957,99.874957,0.201169

5% Treasury Principal Strip 07Mar2025,2025-03-07,93.377162,93.377162,0.901011

5% Treasury Stock 2025,2025-03-07,130.610000,132.498587,0.844846

6% Treasury Principal Strip 07Dec2028,2028-12-07,85.627564,85.627564,1.369145

6% Treasury Stock 2028,2028-12-07,150.450000,151.220492,1.231751

8% Treasury Principal Strip 07Jun2021,2021-06-07,98.468313,98.468313,0.399082

8% Treasury Stock 2021,2021-06-07,129.500000,130.527322,0.325850

8¾% Treasury Stock 2017,2017-08-25,100.760000,104.361519,0.146171

Treasury Coupon Strip 07Dec2017,2017-12-07,99.922252,99.922252,0.209425

Treasury Coupon Strip 07Dec2018,2018-12-07,99.708145,99.708145,0.213211

Treasury Coupon Strip 07Dec2019,2019-12-07,99.376449,99.376449,0.263923

Treasury Coupon Strip 07Dec2020,2020-12-07,98.836967,98.836967,0.347274

Treasury Coupon Strip 07Dec2021,2021-12-07,98.022455,98.022455,0.457418

Treasury Coupon Strip 07Dec2022,2022-12-07,96.902387,96.902387,0.586645

Treasury Coupon Strip 07Dec2023,2023-12-07,95.490475,95.490475,0.725523

Treasury Coupon Strip 07Dec2024,2024-12-07,93.821004,93.821004,0.867108

Treasury Coupon Strip 07Dec2025,2025-12-07,91.952594,91.952594,1.004679

Treasury Coupon Strip 07Dec2026,2026-06-07,90.961306,90.961306,1.070714

Treasury Coupon Strip 07Dec2026,2026-12-07,89.933145,89.933145,1.135395

Treasury Coupon Strip 07Dec2027,2027-12-07,87.812297,87.812297,1.257056

Treasury Coupon Strip 07Dec2028,2028-12-07,85.627564,85.627564,1.369145

Treasury Coupon Strip 07Dec2029,2029-12-07,83.427599,83.427599,1.469950

Treasury Coupon Strip 07Dec2030,2030-12-07,81.236963,81.236963,1.560094

Treasury Coupon Strip 07Dec2031,2031-12-07,79.080598,79.080598,1.639788

Treasury Coupon Strip 07Dec2032,2032-12-07,76.972546,76.972546,1.709899

Treasury Coupon Strip 07Dec2033,2033-12-07,74.939287,74.939287,1.769936

Treasury Coupon Strip 07Dec2034,2034-12-07,72.985895,72.985895,1.820993

Treasury Coupon Strip 07Dec2035,2035-12-07,71.119942,71.119942,1.863681

Treasury Coupon Strip 07Dec2036,2036-12-07,69.341952,69.341952,1.898944

Treasury Coupon Strip 07Dec2037,2037-12-07,67.665551,67.665551,1.926562

Treasury Coupon Strip 07Dec2038,2038-12-07,66.089054,66.089054,1.947353

Treasury Coupon Strip 07Dec2039,2039-12-07,64.615386,64.615386,1.961666

Treasury Coupon Strip 07Dec2040,2040-12-07,63.243223,63.243223,1.970064

Treasury Coupon Strip 07Dec2041,2041-12-07,61.981173,61.981173,1.972355

Treasury Coupon Strip 07Dec2042,2042-12-07,60.824867,60.824867,1.969191

Treasury Coupon Strip 07Dec2043,2043-12-07,59.772021,59.772021,1.961018

Treasury Coupon Strip 07Dec2044,2044-12-07,58.815915,58.815915,1.948513

Treasury Coupon Strip 07Dec2045,2045-12-07,57.955380,57.955380,1.931959

Treasury Coupon Strip 07Dec2046,2046-12-07,57.179389,57.179389,1.912204

Treasury Coupon Strip 07Dec2047,2047-12-07,56.478147,56.478147,1.889963

Treasury Coupon Strip 07Dec2048,2048-12-07,55.839147,55.839147,1.866049

Treasury Coupon Strip 07Dec2049,2049-12-07,55.254703,55.254703,1.840944

Treasury Coupon Strip 07Dec2050,2050-12-07,54.711729,54.711729,1.815392

Treasury Coupon Strip 07Dec2051,2051-12-07,54.199204,54.199204,1.789969

Treasury Coupon Strip 07Dec2052,2052-12-07,53.705352,53.705352,1.765250

Treasury Coupon Strip 07Dec2053,2053-12-07,53.223065,53.223065,1.741525

Treasury Coupon Strip 07Dec2054,2054-12-07,52.742214,52.742214,1.719220

Treasury Coupon Strip 07Dec2055,2055-12-07,52.255214,52.255214,1.698608

Treasury Coupon Strip 07Jun2018,2018-06-07,99.824182,99.824182,0.202002

Treasury Coupon Strip 07Jun2019,2019-06-07,99.563140,99.563140,0.234065

Treasury Coupon Strip 07Jun2020,2020-06-07,99.137743,99.137743,0.301802

Treasury Coupon Strip 07Jun2021,2021-06-07,98.468313,98.468313,0.399082

Treasury Coupon Strip 07Jun2022,2022-06-07,97.502133,97.502133,0.519929

Treasury Coupon Strip 07Jun2023,2023-06-07,96.232771,96.232771,0.655072

Treasury Coupon Strip 07Jun2024,2024-06-07,94.684526,94.684526,0.796443

Treasury Coupon Strip 07Jun2025,2025-06-07,92.911497,92.911497,0.936212

Treasury Coupon Strip 07Jun2027,2027-06-07,88.885417,88.885417,1.197116

Treasury Coupon Strip 07Jun2028,2028-06-07,86.724741,86.724741,1.314422

Treasury Coupon Strip 07Jun2029,2029-06-07,84.531201,84.531201,1.420582

Treasury Coupon Strip 07Jun2030,2030-06-07,82.332433,82.332433,1.516060

Treasury Coupon Strip 07Jun2031,2031-06-07,80.156100,80.156100,1.600959

Treasury Coupon Strip 07Jun2032,2032-06-07,78.018743,78.018743,1.676081

Treasury Coupon Strip 07Jun2033,2033-06-07,75.949315,75.949315,1.740844

Treasury Coupon Strip 07Jun2034,2034-06-07,73.954742,73.954742,1.796333

Treasury Coupon Strip 07Jun2035,2035-06-07,72.044175,72.044175,1.843145

Treasury Coupon Strip 07Jun2036,2036-06-07,70.219031,70.219031,1.882258

Treasury Coupon Strip 07Jun2037,2037-06-07,68.493756,68.493756,1.913461

Treasury Coupon Strip 07Jun2038,2038-06-07,66.866783,66.866783,1.937631

Treasury Coupon Strip 07Jun2039,2039-06-07,65.341220,65.341220,1.955157

Treasury Coupon Strip 07Jun2040,2040-06-07,63.915993,63.915993,1.966622

Treasury Coupon Strip 07Jun2041,2041-06-07,62.600636,62.600636,1.971800

Treasury Coupon Strip 07Jun2042,2042-06-07,61.391487,61.391487,1.971324

Treasury Coupon Strip 07Jun2043,2043-06-07,60.287169,60.287169,1.965607

Treasury Coupon Strip 07Jun2044,2044-06-07,59.281849,59.281849,1.955295

Treasury Coupon Strip 07Jun2045,2045-06-07,58.375702,58.375702,1.940606

Treasury Coupon Strip 07Jun2046,2046-06-07,57.558458,57.558458,1.922373

Treasury Coupon Strip 07Jun2047,2047-06-07,56.821047,56.821047,1.901292

Treasury Coupon Strip 07Jun2048,2048-06-07,56.151314,56.151314,1.878186

Treasury Coupon Strip 07Jun2049,2049-06-07,55.541836,55.541836,1.853546

Treasury Coupon Strip 07Jun2050,2050-06-07,54.979477,54.979477,1.828145

Treasury Coupon Strip 07Jun2051,2051-06-07,54.453028,54.453028,1.802593

Treasury Coupon Strip 07Jun2052,2052-06-07,53.950399,53.950399,1.777503

Treasury Coupon Strip 07Jun2053,2053-06-07,53.464169,53.464169,1.753195

Treasury Coupon Strip 07Jun2054,2054-06-07,52.983619,52.983619,1.730142

Treasury Coupon Strip 07Jun2055,2055-06-07,52.500579,52.500579,1.708654

Treasury Coupon Strip 07Mar2018,2018-03-07,99.874957,99.874957,0.201169

Treasury Coupon Strip 07Mar2019,2019-03-07,99.640821,99.640821,0.221925

Treasury Coupon Strip 07Mar2020,2020-03-07,99.264914,99.264914,0.281556

Treasury Coupon Strip 07Mar2021,2021-03-07,98.663727,98.663727,0.371736

Treasury Coupon Strip 07Mar2022,2022-03-07,97.774752,97.774752,0.487448

Treasury Coupon Strip 07Mar2023,2023-03-07,96.580124,96.580124,0.619875

Treasury Coupon Strip 07Mar2024,2024-03-07,95.097291,95.097291,0.760542

Treasury Coupon Strip 07Mar2025,2025-03-07,93.377162,93.377162,0.901011

Treasury Coupon Strip 07Mar2026,2026-03-07,91.466685,91.466685,1.037155

Treasury Coupon Strip 07Mar2027,2027-03-07,89.417815,89.417815,1.165793

Treasury Coupon Strip 07Mar2028,2028-03-07,87.272984,87.272984,1.285659

Treasury Coupon Strip 07Mar2029,2029-03-07,85.085797,85.085797,1.394498

Treasury Coupon Strip 07Mar2030,2030-03-07,82.885522,82.885522,1.492673

Treasury Coupon Strip 07Mar2031,2031-03-07,80.701225,80.701225,1.580223

Treasury Coupon Strip 07Mar2032,2032-03-07,78.550733,78.550733,1.657913

Treasury Coupon Strip 07Mar2033,2033-03-07,76.464306,76.464306,1.725112

Treasury Coupon Strip 07Mar2034,2034-03-07,74.449867,74.449867,1.782892

Treasury Coupon Strip 07Mar2035,2035-03-07,72.517442,72.517442,1.831842

Treasury Coupon Strip 07Mar2036,2036-03-07,70.668999,70.668999,1.872951

Treasury Coupon Strip 07Mar2037,2037-03-07,68.919485,68.919485,1.906007

Treasury Coupon Strip 07Mar2038,2038-03-07,67.267427,67.267427,1.931920

Treasury Coupon Strip 07Mar2039,2039-03-07,65.716028,65.716028,1.951098

Treasury Coupon Strip 07Sep2017,2017-09-07,99.972101,99.972101,0.228314

Treasury Coupon Strip 07Sep2018,2018-09-07,99.768868,99.768868,0.206293

Treasury Coupon Strip 07Sep2019,2019-09-07,99.475105,99.475105,0.248131

Treasury Coupon Strip 07Sep2020,2020-09-07,98.994852,98.994852,0.323818

Treasury Coupon Strip 07Sep2021,2021-09-07,98.253796,98.253796,0.427800

Treasury Coupon Strip 07Sep2022,2022-09-07,97.210072,97.210072,0.553171

Treasury Coupon Strip 07Sep2023,2023-09-07,95.867912,95.867912,0.690456

Treasury Coupon Strip 07Sep2024,2024-09-07,94.257204,94.257204,0.832119

Treasury Coupon Strip 07Sep2025,2025-09-07,92.434576,92.434576,0.970908

Treasury Coupon Strip 07Sep2026,2026-09-07,90.447963,90.447963,1.103586

Treasury Coupon Strip 07Sep2027,2027-09-07,88.348047,88.348047,1.227647

Treasury Coupon Strip 07Sep2028,2028-09-07,86.174072,86.174072,1.342347

Treasury Coupon Strip 07Sep2029,2029-09-07,83.976300,83.976300,1.445817

Treasury Coupon Strip 07Sep2030,2030-09-07,81.780796,81.780796,1.538607

Treasury Coupon Strip 07Sep2031,2031-09-07,79.613842,79.613842,1.620877

Treasury Coupon Strip 07Sep2032,2032-09-07,77.490714,77.490714,1.693463

Treasury Coupon Strip 07Sep2033,2033-09-07,75.439099,75.439099,1.755830

Treasury Coupon Strip 07Sep2034,2034-09-07,73.464969,73.464969,1.809070

Treasury Coupon Strip 07Sep2035,2035-09-07,71.576653,71.576653,1.853788

Treasury Coupon Strip 07Sep2036,2036-09-07,69.775087,69.775087,1.890945

Treasury Coupon Strip 07Sep2037,2037-09-07,68.074275,68.074275,1.920329

Treasury Coupon Strip 07Sep2038,2038-09-07,66.472583,66.472583,1.942787

Treasury Coupon Strip 07Sep2039,2039-09-07,64.973030,64.973030,1.958686

UK 1 3/4 Treasury Strip 07SEP2037P,2037-09-07,68.074275,68.074275,1.920329
